Insurance ID,Full Name,DOB,Age,Gender,Address,Contact Number,Email,KYC / ID Info,Coverage Type,Total Members,Insured Members Details,Existing Conditions,Previous Illnesses,Previous Surgeries,Current Treatments,Lifestyle Risk Factors,Policy Number,Policy Type,Sum Insured,Policy Start Date,Policy End Date,Covered Treatments,Exclusions,Waiting Period,Deductible,Co-payment,Sub-limits,Premium Amount,Payment Frequency,Payment Status,Payment Method
POL-1001,Karan Gupta,1979-09-04,46,Male,"260, Gachibowli, Bengaluru",+91-7440213415,karan.gupta96@example.com,Passport: R2458591,Family Floater,2,"POL-1001-M01 (Self, Age: 46, DOB: 1979-09-04) | POL-1001-M02 (Spouse, Age: 58, DOB: 1968-01-19)",Mild Obesity,Pneumonia (2023),Cataract Surgery (2022),Atorvastatin 10mg daily,Active / Athlete,HLT-2026-127824,Super Top-Up Plan,2500000,2024-02-12,2025-02-11,"In-patient hospitalization, Daycare procedures, AYUSH, Pre/Post Hospitalization","Dental care (unless accident), Maternity (first 2 yrs)","30 days initial, 36 months for pre-existing",0,10%,No Sub-limits applied,93075.0,Monthly,Paid,Credit Card
POL-1002,Manoj Kulkarni,1979-12-06,46,Female,"169, Gachibowli, Kolkata",+91-7438989805,manoj.kulkarni21@example.com,PAN: CWPUS9785D,Family Floater,2,"POL-1002-M01 (Self, Age: 46, DOB: 1979-12-06) | POL-1002-M02 (Mother, Age: 75, DOB: 1951-07-30)",None,Pneumonia (2023),None,None,"Non-smoker, Non-drinker",HLT-2026-748564,Comprehensive Family Care,1000000,2024-01-29,2025-01-28,"In-patient hospitalization, Daycare procedures, AYUSH, Pre/Post Hospitalization","Dental care (unless accident), Maternity (first 2 yrs)","30 days initial, 36 months for pre-existing",0,0%,Room Rent: 1% of Sum Insured / day; ICU: 2% / day,37230.0,Monthly,Pending,Auto-Debit
POL-1003,Karan Mehta,1988-03-18,38,Male,"373, Gachibowli, Chennai",+91-9935814872,karan.mehta92@example.com,Aadhaar: 3803-9751-5010,Individual,1,"POL-1003-M01 (Self, Age: 38, DOB: 1988-03-18)",None,Pneumonia (2023),Gallbladder Removal (2021),None,"Non-smoker, Non-drinker",HLT-2026-383060,Comprehensive Family Care,5000000,2024-03-25,2025-03-25,"In-patient hospitalization, Daycare procedures, AYUSH, Pre/Post Hospitalization","Cosmetic surgery, Pre-existing conditions (first 3 yrs)","30 days initial, 36 months for pre-existing",10000,10%,"Cataract: Max 50,000 per eye; Knee Replacement: Max 200,000",139725.0,Annual,Paid,Net Banking
POL-1004,Siddharth Chowdhury,1996-03-01,30,Female,"156, Indiranagar, Bengaluru",+91-8059257080,siddharth.chowdhury81@example.com,Passport: I8187926,Family Floater,3,"POL-1004-M01 (Self, Age: 30, DOB: 1996-03-01) | POL-1004-M02 (Son, Age: 15, DOB: 2011-02-07) | POL-1004-M03 (Mother, Age: 79, DOB: 1947-01-15)",None,Pneumonia (2023),ACL Reconstruction (2019),None,Sedentary lifestyle,HLT-2026-214975,Standard Health Guard,500000,2023-11-24,2024-11-23,"In-patient hospitalization, Daycare procedures, AYUSH, Pre/Post Hospitalization","Dental care (unless accident), Maternity (first 2 yrs)","30 days initial, 36 months for pre-existing",10000,20%,"Cataract: Max 50,000 per eye; Knee Replacement: Max 200,000",19987.5,Quarterly,Pending,UPI
POL-1005,Ishita Gupta,1985-07-08,41,Female,"124, Indiranagar, Pune",+91-7679282378,ishita.gupta68@example.com,Aadhaar: 5315-9201-3927,Individual,1,"POL-1005-M01 (Self, Age: 41, DOB: 1985-07-08)",None,Malaria (2019),Appendectomy (2018),None,Smoker (Occasional),HLT-2026-412942,Senior Citizen Health,5000000,2025-11-05,2026-11-05,"In-patient hospitalization, Daycare procedures, AYUSH, Pre/Post Hospitalization","Cosmetic surgery, Pre-existing conditions (first 3 yrs)","30 days initial, 36 months for pre-existing",25000,20%,Room Rent: 1% of Sum Insured / day; ICU: 2% / day,142762.5,Quarterly,Pending,Auto-Debit
POL-1006,Aarav Gupta,1982-08-03,44,Female,"255, MG Road, Hyderabad",+91-9436779490,aarav.gupta20@example.com,Aadhaar: 8962-2133-9727,Individual,1,"POL-1006-M01 (Self, Age: 44, DOB: 1982-08-03)",Thyroid Disorder,Malaria (2019),ACL Reconstruction (2019),Atorvastatin 10mg daily,Smoker (Occasional),HLT-2026-273148,Super Top-Up Plan,1000000,2025-12-16,2026-12-16,"In-patient hospitalization, Daycare procedures, AYUSH, Pre/Post Hospitalization","Self-inflicted injuries, Hazardous sports, Weight loss treatments","30 days initial, 36 months for pre-existing",25000,0%,No Sub-limits applied,29160.0,Monthly,Pending,Net Banking
POL-1007,Suresh Banerjee,1965-11-09,60,Female,"263, Gachibowli, Delhi",+91-8452066459,suresh.banerjee12@example.com,Passport: R4860684,Individual,1,"POL-1007-M01 (Self, Age: 60, DOB: 1965-11-09)",High Cholesterol,Covid-19 Pneumonia (2021),None,Metformin 500mg daily,Sedentary lifestyle,HLT-2026-340062,Comprehensive Family Care,300000,2023-03-06,2024-03-05,"In-patient hospitalization, Daycare procedures, AYUSH, Pre/Post Hospitalization","Dental care (unless accident), Maternity (first 2 yrs)","30 days initial, 36 months for pre-existing",25000,10%,Room Rent: 1% of Sum Insured / day; ICU: 2% / day,9720.0,Quarterly,Paid,Auto-Debit
POL-1008,Pooja Chowdhury,1972-01-31,54,Female,"106, Park Street, Pune",+91-8521696479,pooja.chowdhury64@example.com,PAN: MSRZC7596X,Family Floater,2,"POL-1008-M01 (Self, Age: 54, DOB: 1972-01-31) | POL-1008-M02 (Son, Age: 14, DOB: 2012-04-18)",Thyroid Disorder,Typhoid (2020),Appendectomy (2018),Amlodipine 5mg daily,"Non-smoker, Non-drinker",HLT-2026-542374,Critical Illness Cover,500000,2024-07-24,2025-07-24,"In-patient hospitalization, Daycare procedures, AYUSH, Pre/Post Hospitalization","Self-inflicted injuries, Hazardous sports, Weight loss treatments","30 days initial, 36 months for pre-existing",0,0%,No Sub-limits applied,19635.0,Quarterly,Paid,UPI
POL-1009,Nisha Reddy,1991-06-18,35,Male,"507, Juhu Road, Hyderabad",+91-8722454917,nisha.reddy17@example.com,Aadhaar: 7209-1035-7396,Family Floater,3,"POL-1009-M01 (Self, Age: 35, DOB: 1991-06-18) | POL-1009-M02 (Daughter, Age: 9, DOB: 2017-06-27) | POL-1009-M03 (Mother, Age: 78, DOB: 1948-06-22)",Hypertension,Pneumonia (2023),Gallbladder Removal (2021),Metformin 500mg daily,"Non-smoker, Non-drinker",HLT-2026-707314,Standard Health Guard,5000000,2023-05-05,2024-05-04,"In-patient hospitalization, Daycare procedures, AYUSH, Pre/Post Hospitalization","Self-inflicted injuries, Hazardous sports, Weight loss treatments","30 days initial, 36 months for pre-existing",10000,20%,No Sub-limits applied,207562.5,Annual,Paid,UPI
POL-1010,Deepika Kumar,1961-02-04,65,Male,"701, Gachibowli, Pune",+91-7514909066,deepika.kumar82@example.com,Aadhaar: 1651-2343-7868,Family Floater,3,"POL-1010-M01 (Self, Age: 65, DOB: 1961-02-04) | POL-1010-M02 (Son, Age: 3, DOB: 2023-01-08) | POL-1010-M03 (Father, Age: 76, DOB: 1950-05-10)",Hypertension,None,ACL Reconstruction (2019),Inhaler as needed,Sedentary lifestyle,HLT-2026-579434,Super Top-Up Plan,1000000,2023-05-29,2024-05-28,"In-patient hospitalization, Daycare procedures, AYUSH, Pre/Post Hospitalization","Cosmetic surgery, Pre-existing conditions (first 3 yrs)","30 days initial, 36 months for pre-existing",0,20%,Room Rent: 1% of Sum Insured / day; ICU: 2% / day,50737.5,Quarterly,Pending,Credit Card
POL-1011,Nisha Mehta,1976-11-30,49,Male,"388, Indiranagar, Bengaluru",+91-8881988384,nisha.mehta79@example.com,Passport: J9874152,Individual,1,"POL-1011-M01 (Self, Age: 49, DOB: 1976-11-30)",None,Dengue (2022),Gallbladder Removal (2021),None,"Non-smoker, Non-drinker",HLT-2026-681542,Standard Health Guard,1000000,2023-08-01,2024-07-31,"In-patient hospitalization, Daycare procedures, AYUSH, Pre/Post Hospitalization","Self-inflicted injuries, Hazardous sports, Weight loss treatments","30 days initial, 36 months for pre-existing",25000,0%,"Cataract: Max 50,000 per eye; Knee Replacement: Max 200,000",30172.5,Monthly,Overdue,Credit Card
POL-1012,Manoj Shah,1978-09-07,47,Male,"527, Juhu Road, Chennai",+91-7218179599,manoj.shah21@example.com,Passport: N5641923,Individual,1,"POL-1012-M01 (Self, Age: 47, DOB: 1978-09-07)",Arthritis,Pneumonia (2023),ACL Reconstruction (2019),Amlodipine 5mg daily,Sedentary lifestyle,HLT-2026-768061,Critical Illness Cover,1000000,2023-11-27,2024-11-26,"In-patient hospitalization, Daycare procedures, AYUSH, Pre/Post Hospitalization","Self-inflicted injuries, Hazardous sports, Weight loss treatments","30 days initial, 36 months for pre-existing",0,0%,Room Rent: 1% of Sum Insured / day; ICU: 2% / day,29767.5,Quarterly,Paid,UPI
POL-1013,Nikhil Mehta,1993-07-23,33,Male,"140, MG Road, Chennai",+91-8566166314,nikhil.mehta15@example.com,PAN: FGCUW7658T,Individual,1,"POL-1013-M01 (Self, Age: 33, DOB: 1993-07-23)",None,Typhoid (2020),None,None,Smoker (Occasional),HLT-2026-348237,Senior Citizen Health,500000,2023-12-29,2024-12-28,"In-patient hospitalization, Daycare procedures, AYUSH, Pre/Post Hospitalization","Dental care (unless accident), Maternity (first 2 yrs)","30 days initial, 36 months for pre-existing",25000,20%,Room Rent: 1% of Sum Insured / day; ICU: 2% / day,13466.25,Monthly,Paid,UPI
POL-1014,Rajesh Verma,1974-12-15,51,Female,"214, Juhu Road, Kolkata",+91-8310784794,rajesh.verma39@example.com,Aadhaar: 1387-4164-7528,Family Floater,3,"POL-1014-M01 (Self, Age: 51, DOB: 1974-12-15) | POL-1014-M02 (Spouse, Age: 43, DOB: 1982-11-04) | POL-1014-M03 (Father, Age: 73, DOB: 1952-11-16)",None,None,None,None,Smoker (Daily),HLT-2026-519093,Comprehensive Family Care,5000000,2024-11-09,2025-11-09,"In-patient hospitalization, Daycare procedures, AYUSH, Pre/Post Hospitalization","Self-inflicted injuries, Hazardous sports, Weight loss treatments","30 days initial, 36 months for pre-existing",10000,0%,Room Rent: 1% of Sum Insured / day; ICU: 2% / day,232162.5,Quarterly,Pending,Net Banking
POL-1015,Shweta Shah,2000-11-18,25,Female,"128, Banjara Hills, Chandigarh",+91-7816382125,shweta.shah42@example.com,Aadhaar: 8144-1027-9518,Individual,1,"POL-1015-M01 (Self, Age: 25, DOB: 2000-11-18)",None,Malaria (2019),Gallbladder Removal (2021),None,Active / Athlete,HLT-2026-173372,Standard Health Guard,5000000,2024-11-07,2025-11-07,"In-patient hospitalization, Daycare procedures, AYUSH, Pre/Post Hospitalization","Self-inflicted injuries, Hazardous sports, Weight loss treatments","30 days initial, 36 months for pre-existing",10000,20%,"Cataract: Max 50,000 per eye; Knee Replacement: Max 200,000",126562.5,Quarterly,Pending,Net Banking
POL-1016,Rajesh Nair,1972-03-18,54,Male,"440, Banjara Hills, Bengaluru",+91-9643616431,rajesh.nair82@example.com,PAN: KVHFU6279O,Family Floater,3,"POL-1016-M01 (Self, Age: 54, DOB: 1972-03-18) | POL-1016-M02 (Son, Age: 7, DOB: 2019-06-19) | POL-1016-M03 (Mother, Age: 63, DOB: 1962-10-21)",None,Pneumonia (2023),None,None,Smoker (Daily),HLT-2026-934692,Super Top-Up Plan,5000000,2023-12-14,2024-12-13,"In-patient hospitalization, Daycare procedures, AYUSH, Pre/Post Hospitalization","Self-inflicted injuries, Hazardous sports, Weight loss treatments","30 days initial, 36 months for pre-existing",25000,20%,"Cataract: Max 50,000 per eye; Knee Replacement: Max 200,000",236775.0,Annual,Paid,Net Banking
POL-1017,Pooja Singh,1957-03-11,69,Male,"57, Gachibowli, Ahmedabad",+91-9625401719,pooja.singh19@example.com,PAN: KQFSM4997E,Individual,1,"POL-1017-M01 (Self, Age: 69, DOB: 1957-03-11)",None,Dengue (2022),Appendectomy (2018),None,Active / Athlete,HLT-2026-907451,Super Top-Up Plan,300000,2025-05-20,2026-05-20,"In-patient hospitalization, Daycare procedures, AYUSH, Pre/Post Hospitalization","Dental care (unless accident), Maternity (first 2 yrs)","30 days initial, 36 months for pre-existing",0,20%,Room Rent: 1% of Sum Insured / day; ICU: 2% / day,10266.75,Annual,Pending,Credit Card
POL-1018,Tanvi Deshmukh,1994-09-15,31,Female,"637, Koramangala, Pune",+91-9353092123,tanvi.deshmukh67@example.com,Aadhaar: 8777-8373-5246,Individual,1,"POL-1018-M01 (Self, Age: 31, DOB: 1994-09-15)",None,Pneumonia (2023),Appendectomy (2018),None,Smoker (Daily),HLT-2026-390782,Critical Illness Cover,2500000,2025-09-19,2026-09-19,"In-patient hospitalization, Daycare procedures, AYUSH, Pre/Post Hospitalization","Cosmetic surgery, Pre-existing conditions (first 3 yrs)","30 days initial, 36 months for pre-existing",25000,10%,Room Rent: 1% of Sum Insured / day; ICU: 2% / day,66318.75,Monthly,Pending,Net Banking
POL-1019,Alok Agarwal,1967-06-01,59,Male,"164, Gachibowli, Pune",+91-9980491761,alok.agarwal29@example.com,Passport: G2077581,Family Floater,3,"POL-1019-M01 (Self, Age: 59, DOB: 1967-06-01) | POL-1019-M02 (Daughter, Age: 6, DOB: 2020-03-03) | POL-1019-M03 (Mother, Age: 72, DOB: 1954-04-30)",Arthritis,Malaria (2019),ACL Reconstruction (2019),Levothyroxine 50mcg,Alcohol (Social),HLT-2026-508396,Standard Health Guard,2500000,2023-02-10,2024-02-10,"In-patient hospitalization, Daycare procedures, AYUSH, Pre/Post Hospitalization","Dental care (unless accident), Maternity (first 2 yrs)","30 days initial, 36 months for pre-existing",10000,10%,"Cataract: Max 50,000 per eye; Knee Replacement: Max 200,000",122231.25,Quarterly,Overdue,Credit Card
POL-1020,Sunita Reddy,1994-02-06,32,Female,"507, MG Road, Pune",+91-8443665390,sunita.reddy95@example.com,Passport: Z7783308,Individual,1,"POL-1020-M01 (Self, Age: 32, DOB: 1994-02-06)",None,None,ACL Reconstruction (2019),None,Sedentary lifestyle,HLT-2026-233827,Super Top-Up Plan,2500000,2025-12-29,2026-12-29,"In-patient hospitalization, Daycare procedures, AYUSH, Pre/Post Hospitalization","Self-inflicted injuries, Hazardous sports, Weight loss treatments","30 days initial, 36 months for pre-existing",0,0%,No Sub-limits applied,66825.0,Monthly,Paid,Auto-Debit
POL-1021,Neha Verma,1989-01-04,37,Female,"345, Gachibowli, Ahmedabad",+91-8403792057,neha.verma53@example.com,PAN: HYKVM9837B,Family Floater,2,"POL-1021-M01 (Self, Age: 37, DOB: 1989-01-04) | POL-1021-M02 (Spouse, Age: 59, DOB: 1966-10-05)",None,Dengue (2022),None,None,Sedentary lifestyle,HLT-2026-142213,Comprehensive Family Care,300000,2024-05-21,2025-05-21,"In-patient hospitalization, Daycare procedures, AYUSH, Pre/Post Hospitalization","Cosmetic surgery, Pre-existing conditions (first 3 yrs)","30 days initial, 36 months for pre-existing",0,10%,No Sub-limits applied,10480.5,Annual,Overdue,Credit Card
POL-1022,Suresh Joshi,1970-01-20,56,Female,"630, Civil Lines, Delhi",+91-7703368777,suresh.joshi49@example.com,Aadhaar: 1420-6111-7149,Family Floater,4,"POL-1022-M01 (Self, Age: 56, DOB: 1970-01-20) | POL-1022-M02 (Son, Age: 16, DOB: 2009-09-14) | POL-1022-M03 (Daughter, Age: 16, DOB: 2010-04-14) | POL-1022-M04 (Mother, Age: 64, DOB: 1962-04-30)",High Cholesterol,Covid-19 Pneumonia (2021),C-Section (2020),Atorvastatin 10mg daily,Alcohol (Social),HLT-2026-944657,Senior Citizen Health,300000,2023-03-26,2024-03-25,"In-patient hospitalization, Daycare procedures, AYUSH, Pre/Post Hospitalization","Cosmetic surgery, Pre-existing conditions (first 3 yrs)","30 days initial, 36 months for pre-existing",25000,20%,"Cataract: Max 50,000 per eye; Knee Replacement: Max 200,000",16848.0,Annual,Pending,Auto-Debit
POL-1023,Priya Kulkarni,1996-03-30,30,Female,"734, Station Road, Pune",+91-7756502473,priya.kulkarni76@example.com,Passport: I9111742,Family Floater,3,"POL-1023-M01 (Self, Age: 30, DOB: 1996-03-30) | POL-1023-M02 (Mother, Age: 75, DOB: 1951-01-08) | POL-1023-M03 (Daughter, Age: 13, DOB: 2013-07-04)",None,Dengue (2022),ACL Reconstruction (2019),None,Sedentary lifestyle,HLT-2026-190872,Super Top-Up Plan,1000000,2025-07-12,2026-07-12,"In-patient hospitalization, Daycare procedures, AYUSH, Pre/Post Hospitalization","Self-inflicted injuries, Hazardous sports, Weight loss treatments","30 days initial, 36 months for pre-existing",10000,10%,Room Rent: 1% of Sum Insured / day; ICU: 2% / day,39975.0,Monthly,Pending,Credit Card
POL-1024,Sunita Singh,1978-03-06,48,Female,"358, Indiranagar, Chandigarh",+91-8186564497,sunita.singh81@example.com,Aadhaar: 9464-4130-2402,Individual,1,"POL-1024-M01 (Self, Age: 48, DOB: 1978-03-06)",None,Pneumonia (2023),ACL Reconstruction (2019),None,Active / Athlete,HLT-2026-612311,Critical Illness Cover,2500000,2024-05-07,2025-05-07,"In-patient hospitalization, Daycare procedures, AYUSH, Pre/Post Hospitalization","Dental care (unless accident), Maternity (first 2 yrs)","30 days initial, 36 months for pre-existing",0,0%,"Cataract: Max 50,000 per eye; Knee Replacement: Max 200,000",74925.0,Annual,Pending,Credit Card
POL-1025,Kavya Jain,1997-06-16,29,Female,"576, Koramangala, Kolkata",+91-8827524957,kavya.jain80@example.com,PAN: JLHFS6169D,Individual,1,"POL-1025-M01 (Self, Age: 29, DOB: 1997-06-16)",High Cholesterol,Malaria (2019),Gallbladder Removal (2021),Levothyroxine 50mcg,"Non-smoker, Non-drinker",HLT-2026-389930,Comprehensive Family Care,5000000,2025-12-10,2026-12-10,"In-patient hospitalization, Daycare procedures, AYUSH, Pre/Post Hospitalization","Dental care (unless accident), Maternity (first 2 yrs)","30 days initial, 36 months for pre-existing",0,10%,Room Rent: 1% of Sum Insured / day; ICU: 2% / day,130612.5,Monthly,Paid,Credit Card
POL-1026,Rahul Verma,1981-03-17,45,Male,"724, Station Road, Ahmedabad",+91-7440610570,rahul.verma11@example.com,Passport: J8875173,Family Floater,3,"POL-1026-M01 (Self, Age: 45, DOB: 1981-03-17) | POL-1026-M02 (Daughter, Age: 14, DOB: 2012-02-19) | POL-1026-M03 (Spouse, Age: 57, DOB: 1968-10-31)",None,Typhoid (2020),ACL Reconstruction (2019),None,"Non-smoker, Non-drinker",HLT-2026-600935,Super Top-Up Plan,300000,2023-05-14,2024-05-13,"In-patient hospitalization, Daycare procedures, AYUSH, Pre/Post Hospitalization","Self-inflicted injuries, Hazardous sports, Weight loss treatments","30 days initial, 36 months for pre-existing",25000,0%,Room Rent: 1% of Sum Insured / day; ICU: 2% / day,13376.25,Annual,Overdue,Net Banking
POL-1027,Rohan Reddy,1992-05-03,34,Male,"630, Civil Lines, Chandigarh",+91-7969318858,rohan.reddy76@example.com,PAN: LLWZH1986T,Individual,1,"POL-1027-M01 (Self, Age: 34, DOB: 1992-05-03)",None,Covid-19 Pneumonia (2021),Cataract Surgery (2022),None,"Non-smoker, Non-drinker",HLT-2026-317881,Comprehensive Family Care,5000000,2024-03-08,2025-03-08,"In-patient hospitalization, Daycare procedures, AYUSH, Pre/Post Hospitalization","Cosmetic surgery, Pre-existing conditions (first 3 yrs)","30 days initial, 36 months for pre-existing",0,20%,Room Rent: 1% of Sum Insured / day; ICU: 2% / day,135675.0,Annual,Paid,Auto-Debit
POL-1028,Suresh Bhat,1981-02-16,45,Female,"43, Gachibowli, Chennai",+91-8214266162,suresh.bhat99@example.com,PAN: BGGUP4241N,Individual,1,"POL-1028-M01 (Self, Age: 45, DOB: 1981-02-16)",None,Dengue (2022),None,None,"Non-smoker, Non-drinker",HLT-2026-779094,Comprehensive Family Care,500000,2024-06-28,2025-06-28,"In-patient hospitalization, Daycare procedures, AYUSH, Pre/Post Hospitalization","Dental care (unless accident), Maternity (first 2 yrs)","30 days initial, 36 months for pre-existing",25000,20%,No Sub-limits applied,14681.25,Monthly,Pending,UPI
POL-1029,Suresh Nair,1979-06-04,47,Female,"522, Koramangala, Ahmedabad",+91-8880160025,suresh.nair20@example.com,Passport: B8248238,Family Floater,4,"POL-1029-M01 (Self, Age: 47, DOB: 1979-06-04) | POL-1029-M02 (Daughter, Age: 18, DOB: 2008-07-30) | POL-1029-M03 (Spouse, Age: 56, DOB: 1970-07-26) | POL-1029-M04 (Mother, Age: 62, DOB: 1963-10-02)",None,Malaria (2019),None,None,Smoker (Occasional),HLT-2026-715643,Critical Illness Cover,300000,2024-07-05,2025-07-05,"In-patient hospitalization, Daycare procedures, AYUSH, Pre/Post Hospitalization","Self-inflicted injuries, Hazardous sports, Weight loss treatments","30 days initial, 36 months for pre-existing",25000,10%,"Cataract: Max 50,000 per eye; Knee Replacement: Max 200,000",15876.0,Annual,Overdue,Auto-Debit
POL-1030,Karan Chowdhury,1997-03-02,29,Male,"366, Banjara Hills, Kolkata",+91-8378934717,karan.chowdhury95@example.com,Aadhaar: 3634-6403-7744,Family Floater,3,"POL-1030-M01 (Self, Age: 29, DOB: 1997-03-02) | POL-1030-M02 (Father, Age: 63, DOB: 1963-04-01) | POL-1030-M03 (Spouse, Age: 71, DOB: 1955-02-06)",Asthma,None,Cataract Surgery (2022),Inhaler as needed,Sedentary lifestyle,HLT-2026-221552,Critical Illness Cover,1500000,2025-11-19,2026-11-19,"In-patient hospitalization, Daycare procedures, AYUSH, Pre/Post Hospitalization","Dental care (unless accident), Maternity (first 2 yrs)","30 days initial, 36 months for pre-existing",0,0%,No Sub-limits applied,59501.25,Monthly,Overdue,Auto-Debit
POL-1031,Karan Deshmukh,1973-04-06,53,Male,"283, Koramangala, Bengaluru",+91-8237075775,karan.deshmukh66@example.com,Passport: P3037191,Individual,1,"POL-1031-M01 (Self, Age: 53, DOB: 1973-04-06)",None,Covid-19 Pneumonia (2021),C-Section (2020),None,"Non-smoker, Non-drinker",HLT-2026-738448,Super Top-Up Plan,500000,2023-11-21,2024-11-20,"In-patient hospitalization, Daycare procedures, AYUSH, Pre/Post Hospitalization","Dental care (unless accident), Maternity (first 2 yrs)","30 days initial, 36 months for pre-existing",0,0%,Room Rent: 1% of Sum Insured / day; ICU: 2% / day,15491.25,Monthly,Paid,Credit Card
POL-1032,Sunita Nair,1992-04-10,34,Female,"864, Juhu Road, Ahmedabad",+91-8046816259,sunita.nair68@example.com,Passport: E7435505,Individual,1,"POL-1032-M01 (Self, Age: 34, DOB: 1992-04-10)",None,None,Gallbladder Removal (2021),None,Alcohol (Social),HLT-2026-632929,Senior Citizen Health,5000000,2023-10-07,2024-10-06,"In-patient hospitalization, Daycare procedures, AYUSH, Pre/Post Hospitalization","Self-inflicted injuries, Hazardous sports, Weight loss treatments","30 days initial, 36 months for pre-existing",10000,0%,"Cataract: Max 50,000 per eye; Knee Replacement: Max 200,000",135675.0,Quarterly,Pending,Auto-Debit
POL-1033,Deepika Rao,1998-06-14,28,Female,"363, Connaught Place, Jaipur",+91-9334014365,deepika.rao58@example.com,PAN: YWZGJ7730B,Family Floater,4,"POL-1033-M01 (Self, Age: 28, DOB: 1998-06-14) | POL-1033-M02 (Father, Age: 65, DOB: 1960-10-26) | POL-1033-M03 (Mother, Age: 72, DOB: 1953-08-29) | POL-1033-M04 (Daughter, Age: 3, DOB: 2022-08-16)",None,Malaria (2019),C-Section (2020),None,Smoker (Daily),HLT-2026-619389,Standard Health Guard,300000,2023-09-16,2024-09-15,"In-patient hospitalization, Daycare procedures, AYUSH, Pre/Post Hospitalization","Dental care (unless accident), Maternity (first 2 yrs)","30 days initial, 36 months for pre-existing",0,20%,"Cataract: Max 50,000 per eye; Knee Replacement: Max 200,000",13824.0,Annual,Overdue,Credit Card
POL-1034,Meera Rao,1997-02-13,29,Male,"810, Indiranagar, Kolkata",+91-9676878743,meera.rao98@example.com,PAN: QWWWJ6188U,Family Floater,4,"POL-1034-M01 (Self, Age: 29, DOB: 1997-02-13) | POL-1034-M02 (Spouse, Age: 69, DOB: 1956-12-04) | POL-1034-M03 (Son, Age: 13, DOB: 2013-04-07) | POL-1034-M04 (Mother, Age: 66, DOB: 1960-05-08)",None,Typhoid (2020),None,None,Active / Athlete,HLT-2026-338536,Standard Health Guard,5000000,2023-07-05,2024-07-04,"In-patient hospitalization, Daycare procedures, AYUSH, Pre/Post Hospitalization","Dental care (unless accident), Maternity (first 2 yrs)","30 days initial, 36 months for pre-existing",0,20%,"Cataract: Max 50,000 per eye; Knee Replacement: Max 200,000",232200.0,Annual,Paid,Net Banking
POL-1035,Tanvi Verma,1987-02-28,39,Female,"393, Banjara Hills, Bengaluru",+91-8048819999,tanvi.verma77@example.com,PAN: OUECW4945P,Individual,1,"POL-1035-M01 (Self, Age: 39, DOB: 1987-02-28)",High Cholesterol,Typhoid (2020),Gallbladder Removal (2021),Inhaler as needed,Active / Athlete,HLT-2026-581894,Super Top-Up Plan,1000000,2023-01-20,2024-01-20,"In-patient hospitalization, Daycare procedures, AYUSH, Pre/Post Hospitalization","Cosmetic surgery, Pre-existing conditions (first 3 yrs)","30 days initial, 36 months for pre-existing",0,10%,"Cataract: Max 50,000 per eye; Knee Replacement: Max 200,000",28147.5,Quarterly,Pending,Auto-Debit
POL-1036,Manoj Joshi,1982-02-07,44,Female,"213, Banjara Hills, Ahmedabad",+91-7458072318,manoj.joshi40@example.com,PAN: OOZHZ7484I,Individual,1,"POL-1036-M01 (Self, Age: 44, DOB: 1982-02-07)",None,Malaria (2019),Cataract Surgery (2022),None,Alcohol (Social),HLT-2026-819112,Senior Citizen Health,5000000,2023-04-11,2024-04-10,"In-patient hospitalization, Daycare procedures, AYUSH, Pre/Post Hospitalization","Cosmetic surgery, Pre-existing conditions (first 3 yrs)","30 days initial, 36 months for pre-existing",25000,10%,Room Rent: 1% of Sum Insured / day; ICU: 2% / day,145800.0,Quarterly,Paid,Net Banking
POL-1037,Ishita Rao,1958-07-15,68,Male,"326, Juhu Road, Mumbai",+91-9489250532,ishita.rao56@example.com,Passport: E2512187,Family Floater,3,"POL-1037-M01 (Self, Age: 68, DOB: 1958-07-15) | POL-1037-M02 (Father, Age: 77, DOB: 1948-12-09) | POL-1037-M03 (Son, Age: 15, DOB: 2010-12-18)",None,Covid-19 Pneumonia (2021),Appendectomy (2018),None,Smoker (Daily),HLT-2026-483629,Critical Illness Cover,2500000,2025-10-24,2026-10-24,"In-patient hospitalization, Daycare procedures, AYUSH, Pre/Post Hospitalization","Dental care (unless accident), Maternity (first 2 yrs)","30 days initial, 36 months for pre-existing",25000,10%,Room Rent: 1% of Sum Insured / day; ICU: 2% / day,129150.0,Monthly,Paid,Credit Card
POL-1038,Aditya Reddy,1987-10-25,38,Female,"102, Banjara Hills, Mumbai",+91-8135840948,aditya.reddy78@example.com,Aadhaar: 8451-7038-5295,Family Floater,4,"POL-1038-M01 (Self, Age: 38, DOB: 1987-10-25) | POL-1038-M02 (Daughter, Age: 16, DOB: 2010-06-06) | POL-1038-M03 (Son, Age: 8, DOB: 2018-07-29) | POL-1038-M04 (Spouse, Age: 60, DOB: 1965-12-12)",None,Pneumonia (2023),None,None,Active / Athlete,HLT-2026-688678,Critical Illness Cover,1000000,2024-03-29,2025-03-29,"In-patient hospitalization, Daycare procedures, AYUSH, Pre/Post Hospitalization","Self-inflicted injuries, Hazardous sports, Weight loss treatments","30 days initial, 36 months for pre-existing",10000,20%,"Cataract: Max 50,000 per eye; Knee Replacement: Max 200,000",49680.0,Annual,Paid,UPI
POL-1039,Ananya Nair,1965-06-02,61,Female,"109, Gachibowli, Jaipur",+91-7582672654,ananya.nair59@example.com,PAN: JYSOP3531N,Individual,1,"POL-1039-M01 (Self, Age: 61, DOB: 1965-06-02)",None,None,Cataract Surgery (2022),None,Smoker (Daily),HLT-2026-745558,Comprehensive Family Care,1500000,2024-07-26,2025-07-26,"In-patient hospitalization, Daycare procedures, AYUSH, Pre/Post Hospitalization","Dental care (unless accident), Maternity (first 2 yrs)","30 days initial, 36 months for pre-existing",10000,0%,"Cataract: Max 50,000 per eye; Knee Replacement: Max 200,000",48903.75,Annual,Overdue,Net Banking
POL-1040,Ritu Mehta,1990-09-20,35,Male,"292, Gachibowli, Delhi",+91-8952996248,ritu.mehta21@example.com,Passport: G1358318,Individual,1,"POL-1040-M01 (Self, Age: 35, DOB: 1990-09-20)",None,None,C-Section (2020),None,Smoker (Occasional),HLT-2026-355400,Super Top-Up Plan,500000,2024-02-25,2025-02-24,"In-patient hospitalization, Daycare procedures, AYUSH, Pre/Post Hospitalization","Cosmetic surgery, Pre-existing conditions (first 3 yrs)","30 days initial, 36 months for pre-existing",0,10%,Room Rent: 1% of Sum Insured / day; ICU: 2% / day,13668.75,Quarterly,Paid,Net Banking
POL-1041,Deepika Rao,1977-06-27,49,Male,"827, Station Road, Delhi",+91-9839220941,deepika.rao13@example.com,Aadhaar: 1243-6869-4898,Family Floater,2,"POL-1041-M01 (Self, Age: 49, DOB: 1977-06-27) | POL-1041-M02 (Son, Age: 12, DOB: 2013-12-13)",High Cholesterol,Typhoid (2020),ACL Reconstruction (2019),Levothyroxine 50mcg,Smoker (Daily),HLT-2026-651640,Super Top-Up Plan,300000,2023-05-11,2024-05-10,"In-patient hospitalization, Daycare procedures, AYUSH, Pre/Post Hospitalization","Self-inflicted injuries, Hazardous sports, Weight loss treatments","30 days initial, 36 months for pre-existing",0,10%,No Sub-limits applied,11398.5,Annual,Overdue,UPI
POL-1042,Shweta Banerjee,1996-02-04,30,Female,"668, MG Road, Mumbai",+91-9057211631,shweta.banerjee61@example.com,PAN: RMXBC3430C,Individual,1,"POL-1042-M01 (Self, Age: 30, DOB: 1996-02-04)",High Cholesterol,Typhoid (2020),C-Section (2020),Atorvastatin 10mg daily,Sedentary lifestyle,HLT-2026-674993,Senior Citizen Health,5000000,2024-10-27,2025-10-27,"In-patient hospitalization, Daycare procedures, AYUSH, Pre/Post Hospitalization","Dental care (unless accident), Maternity (first 2 yrs)","30 days initial, 36 months for pre-existing",25000,20%,"Cataract: Max 50,000 per eye; Knee Replacement: Max 200,000",131625.0,Annual,Overdue,UPI
POL-1043,Deepika Agarwal,1993-08-01,33,Male,"472, Gachibowli, Pune",+91-8455700196,deepika.agarwal68@example.com,PAN: KCLRJ3500V,Family Floater,2,"POL-1043-M01 (Self, Age: 33, DOB: 1993-08-01) | POL-1043-M02 (Spouse, Age: 63, DOB: 1963-04-30)",Thyroid Disorder,Dengue (2022),C-Section (2020),Metformin 500mg daily,"Non-smoker, Non-drinker",HLT-2026-880758,Super Top-Up Plan,5000000,2025-02-02,2026-02-02,"In-patient hospitalization, Daycare procedures, AYUSH, Pre/Post Hospitalization","Self-inflicted injuries, Hazardous sports, Weight loss treatments","30 days initial, 36 months for pre-existing",25000,10%,No Sub-limits applied,169575.0,Annual,Pending,Net Banking
POL-1044,Deepika Kulkarni,1980-10-21,45,Male,"624, Indiranagar, Kolkata",+91-7444961037,deepika.kulkarni83@example.com,Passport: G3595941,Family Floater,2,"POL-1044-M01 (Self, Age: 45, DOB: 1980-10-21) | POL-1044-M02 (Spouse, Age: 56, DOB: 1969-12-05)",None,Malaria (2019),Appendectomy (2018),None,Alcohol (Social),HLT-2026-485415,Super Top-Up Plan,300000,2024-07-24,2025-07-24,"In-patient hospitalization, Daycare procedures, AYUSH, Pre/Post Hospitalization","Self-inflicted injuries, Hazardous sports, Weight loss treatments","30 days initial, 36 months for pre-existing",25000,20%,No Sub-limits applied,11092.5,Quarterly,Paid,Net Banking
POL-1045,Aarav Kumar,1982-09-20,43,Female,"953, Connaught Place, Kolkata",+91-7026224160,aarav.kumar33@example.com,Aadhaar: 7566-2140-3324,Individual,1,"POL-1045-M01 (Self, Age: 43, DOB: 1982-09-20)",Mild Obesity,Covid-19 Pneumonia (2021),Appendectomy (2018),Amlodipine 5mg daily,Smoker (Daily),HLT-2026-494468,Senior Citizen Health,1500000,2025-07-18,2026-07-18,"In-patient hospitalization, Daycare procedures, AYUSH, Pre/Post Hospitalization","Self-inflicted injuries, Hazardous sports, Weight loss treatments","30 days initial, 36 months for pre-existing",10000,20%,No Sub-limits applied,43436.25,Annual,Paid,Credit Card
POL-1046,Neha Bhat,1962-04-27,64,Male,"288, Juhu Road, Pune",+91-9085901151,neha.bhat87@example.com,PAN: KFNIC8972Q,Family Floater,2,"POL-1046-M01 (Self, Age: 64, DOB: 1962-04-27) | POL-1046-M02 (Son, Age: 9, DOB: 2016-11-11)",None,Covid-19 Pneumonia (2021),Appendectomy (2018),None,Smoker (Occasional),HLT-2026-157443,Senior Citizen Health,300000,2024-02-23,2025-02-22,"In-patient hospitalization, Daycare procedures, AYUSH, Pre/Post Hospitalization","Dental care (unless accident), Maternity (first 2 yrs)","30 days initial, 36 months for pre-existing",10000,0%,Room Rent: 1% of Sum Insured / day; ICU: 2% / day,12546.0,Monthly,Overdue,Auto-Debit
POL-1047,Neha Rao,2002-10-12,23,Female,"730, Gachibowli, Jaipur",+91-9399699438,neha.rao95@example.com,PAN: BWBAX6129S,Family Floater,4,"POL-1047-M01 (Self, Age: 23, DOB: 2002-10-12) | POL-1047-M02 (Father, Age: 65, DOB: 1960-11-30) | POL-1047-M03 (Mother, Age: 75, DOB: 1951-06-30) | POL-1047-M04 (Spouse, Age: 74, DOB: 1952-04-09)",Asthma,Pneumonia (2023),Gallbladder Removal (2021),Amlodipine 5mg daily,"Non-smoker, Non-drinker",HLT-2026-940247,Critical Illness Cover,2500000,2025-07-31,2026-07-31,"In-patient hospitalization, Daycare procedures, AYUSH, Pre/Post Hospitalization","Cosmetic surgery, Pre-existing conditions (first 3 yrs)","30 days initial, 36 months for pre-existing",0,10%,No Sub-limits applied,110700.0,Monthly,Overdue,UPI
POL-1048,Rajesh Nair,1974-11-17,51,Female,"351, Station Road, Delhi",+91-9192509020,rajesh.nair91@example.com,Aadhaar: 9693-9355-4176,Family Floater,3,"POL-1048-M01 (Self, Age: 51, DOB: 1974-11-17) | POL-1048-M02 (Son, Age: 13, DOB: 2013-04-19) | POL-1048-M03 (Spouse, Age: 52, DOB: 1973-08-22)",Hypertension,Dengue (2022),Cataract Surgery (2022),Atorvastatin 10mg daily,Alcohol (Social),HLT-2026-260295,Critical Illness Cover,5000000,2023-06-04,2024-06-03,"In-patient hospitalization, Daycare procedures, AYUSH, Pre/Post Hospitalization","Self-inflicted injuries, Hazardous sports, Weight loss treatments","30 days initial, 36 months for pre-existing",25000,10%,No Sub-limits applied,232162.5,Quarterly,Overdue,Net Banking
POL-1049,Deepika Shah,1994-06-15,32,Male,"79, Juhu Road, Ahmedabad",+91-9711778437,deepika.shah48@example.com,PAN: PJBMA7041J,Individual,1,"POL-1049-M01 (Self, Age: 32, DOB: 1994-06-15)",None,Typhoid (2020),ACL Reconstruction (2019),None,Sedentary lifestyle,HLT-2026-996840,Super Top-Up Plan,300000,2025-11-04,2026-11-04,"In-patient hospitalization, Daycare procedures, AYUSH, Pre/Post Hospitalization","Self-inflicted injuries, Hazardous sports, Weight loss treatments","30 days initial, 36 months for pre-existing",0,10%,No Sub-limits applied,8019.0,Quarterly,Paid,Net Banking
POL-1050,Divya Chowdhury,1960-07-20,66,Male,"471, Park Street, Kolkata",+91-7362190850,divya.chowdhury74@example.com,Passport: F1656695,Individual,1,"POL-1050-M01 (Self, Age: 66, DOB: 1960-07-20)",None,Malaria (2019),Appendectomy (2018),None,Smoker (Daily),HLT-2026-560767,Senior Citizen Health,2500000,2025-12-06,2026-12-06,"In-patient hospitalization, Daycare procedures, AYUSH, Pre/Post Hospitalization","Dental care (unless accident), Maternity (first 2 yrs)","30 days initial, 36 months for pre-existing",10000,10%,"Cataract: Max 50,000 per eye; Knee Replacement: Max 200,000",84037.5,Quarterly,Overdue,UPI
POL-1051,Tanvi Shah,1984-07-30,42,Male,"106, Koramangala, Pune",+91-8220401982,tanvi.shah42@example.com,Passport: V3522845,Family Floater,2,"POL-1051-M01 (Self, Age: 42, DOB: 1984-07-30) | POL-1051-M02 (Mother, Age: 66, DOB: 1959-11-20)",Asthma,Dengue (2022),C-Section (2020),Inhaler as needed,Active / Athlete,HLT-2026-787923,Standard Health Guard,5000000,2025-03-13,2026-03-13,"In-patient hospitalization, Daycare procedures, AYUSH, Pre/Post Hospitalization","Dental care (unless accident), Maternity (first 2 yrs)","30 days initial, 36 months for pre-existing",25000,10%,No Sub-limits applied,181050.0,Monthly,Paid,UPI
POL-1052,Karan Kulkarni,1956-08-20,69,Female,"381, Indiranagar, Bengaluru",+91-7919950484,karan.kulkarni53@example.com,PAN: EZEHU9317Y,Individual,1,"POL-1052-M01 (Self, Age: 69, DOB: 1956-08-20)",None,Malaria (2019),ACL Reconstruction (2019),None,Smoker (Occasional),HLT-2026-903531,Comprehensive Family Care,2500000,2023-09-26,2024-09-25,"In-patient hospitalization, Daycare procedures, AYUSH, Pre/Post Hospitalization","Cosmetic surgery, Pre-existing conditions (first 3 yrs)","30 days initial, 36 months for pre-existing",25000,20%,Room Rent: 1% of Sum Insured / day; ICU: 2% / day,85556.25,Quarterly,Pending,UPI
POL-1053,Meera Mehta,1994-11-07,31,Male,"635, Indiranagar, Ahmedabad",+91-8005034996,meera.mehta78@example.com,Aadhaar: 6070-8684-4178,Family Floater,4,"POL-1053-M01 (Self, Age: 31, DOB: 1994-11-07) | POL-1053-M02 (Mother, Age: 71, DOB: 1954-11-19) | POL-1053-M03 (Father, Age: 64, DOB: 1962-04-05) | POL-1053-M04 (Son, Age: 10, DOB: 2016-07-25)",None,Malaria (2019),Appendectomy (2018),None,Smoker (Daily),HLT-2026-538997,Standard Health Guard,500000,2024-02-13,2025-02-12,"In-patient hospitalization, Daycare procedures, AYUSH, Pre/Post Hospitalization","Self-inflicted injuries, Hazardous sports, Weight loss treatments","30 days initial, 36 months for pre-existing",10000,10%,No Sub-limits applied,23580.0,Annual,Overdue,UPI
POL-1054,Kavya Patel,1979-06-22,47,Male,"470, Koramangala, Bengaluru",+91-8878930355,kavya.patel21@example.com,Aadhaar: 8391-6727-1436,Family Floater,2,"POL-1054-M01 (Self, Age: 47, DOB: 1979-06-22) | POL-1054-M02 (Father, Age: 70, DOB: 1956-04-05)",None,Dengue (2022),None,None,Smoker (Daily),HLT-2026-504924,Standard Health Guard,300000,2025-02-06,2026-02-06,"In-patient hospitalization, Daycare procedures, AYUSH, Pre/Post Hospitalization","Self-inflicted injuries, Hazardous sports, Weight loss treatments","30 days initial, 36 months for pre-existing",25000,10%,Room Rent: 1% of Sum Insured / day; ICU: 2% / day,11245.5,Annual,Paid,Net Banking
POL-1055,Nisha Chowdhury,1997-01-31,29,Male,"469, Civil Lines, Mumbai",+91-7340272119,nisha.chowdhury12@example.com,PAN: FDYPL5720H,Family Floater,2,"POL-1055-M01 (Self, Age: 29, DOB: 1997-01-31) | POL-1055-M02 (Spouse, Age: 73, DOB: 1952-09-03)",None,None,None,None,Alcohol (Social),HLT-2026-932463,Super Top-Up Plan,2500000,2025-07-25,2026-07-25,"In-patient hospitalization, Daycare procedures, AYUSH, Pre/Post Hospitalization","Self-inflicted injuries, Hazardous sports, Weight loss treatments","30 days initial, 36 months for pre-existing",0,20%,No Sub-limits applied,82237.5,Quarterly,Paid,Credit Card
POL-1056,Kavya Kulkarni,1986-08-27,39,Male,"256, Civil Lines, Pune",+91-7804507108,kavya.kulkarni95@example.com,Passport: C9782613,Family Floater,2,"POL-1056-M01 (Self, Age: 39, DOB: 1986-08-27) | POL-1056-M02 (Mother, Age: 69, DOB: 1957-03-16)",None,Typhoid (2020),ACL Reconstruction (2019),None,"Non-smoker, Non-drinker",HLT-2026-632280,Critical Illness Cover,2500000,2023-02-11,2024-02-11,"In-patient hospitalization, Daycare procedures, AYUSH, Pre/Post Hospitalization","Dental care (unless accident), Maternity (first 2 yrs)","30 days initial, 36 months for pre-existing",10000,20%,Room Rent: 1% of Sum Insured / day; ICU: 2% / day,88612.5,Monthly,Paid,Net Banking
POL-1057,Pooja Gupta,1966-12-20,59,Female,"55, Connaught Place, Jaipur",+91-8454049402,pooja.gupta92@example.com,Aadhaar: 8612-8840-3986,Individual,1,"POL-1057-M01 (Self, Age: 59, DOB: 1966-12-20)",Arthritis,None,Appendectomy (2018),Levothyroxine 50mcg,"Non-smoker, Non-drinker",HLT-2026-138780,Senior Citizen Health,1000000,2024-02-17,2025-02-16,"In-patient hospitalization, Daycare procedures, AYUSH, Pre/Post Hospitalization","Dental care (unless accident), Maternity (first 2 yrs)","30 days initial, 36 months for pre-existing",25000,10%,No Sub-limits applied,32197.5,Monthly,Pending,UPI
POL-1058,Aditya Singh,1987-01-10,39,Female,"892, MG Road, Kolkata",+91-8173456409,aditya.singh25@example.com,PAN: LKLYI4060P,Family Floater,3,"POL-1058-M01 (Self, Age: 39, DOB: 1987-01-10) | POL-1058-M02 (Mother, Age: 75, DOB: 1950-12-25) | POL-1058-M03 (Spouse, Age: 58, DOB: 1968-02-26)",None,Malaria (2019),Gallbladder Removal (2021),None,Smoker (Daily),HLT-2026-551524,Standard Health Guard,2500000,2024-01-05,2025-01-04,"In-patient hospitalization, Daycare procedures, AYUSH, Pre/Post Hospitalization","Cosmetic surgery, Pre-existing conditions (first 3 yrs)","30 days initial, 36 months for pre-existing",10000,20%,"Cataract: Max 50,000 per eye; Knee Replacement: Max 200,000",106856.25,Monthly,Pending,Auto-Debit
POL-1059,Neha Deshmukh,1995-02-11,31,Female,"53, Connaught Place, Chandigarh",+91-8868055235,neha.deshmukh45@example.com,Passport: Z1962308,Individual,1,"POL-1059-M01 (Self, Age: 31, DOB: 1995-02-11)",None,Pneumonia (2023),Cataract Surgery (2022),None,Smoker (Occasional),HLT-2026-525942,Standard Health Guard,1000000,2025-11-16,2026-11-16,"In-patient hospitalization, Daycare procedures, AYUSH, Pre/Post Hospitalization","Cosmetic surgery, Pre-existing conditions (first 3 yrs)","30 days initial, 36 months for pre-existing",25000,20%,"Cataract: Max 50,000 per eye; Knee Replacement: Max 200,000",26527.5,Annual,Paid,UPI
POL-1060,Pooja Mehta,1989-05-07,37,Female,"982, Civil Lines, Mumbai",+91-9598862507,pooja.mehta29@example.com,Passport: O7223751,Family Floater,3,"POL-1060-M01 (Self, Age: 37, DOB: 1989-05-07) | POL-1060-M02 (Spouse, Age: 62, DOB: 1964-06-08) | POL-1060-M03 (Daughter, Age: 6, DOB: 2019-11-16)",None,Dengue (2022),None,None,"Non-smoker, Non-drinker",HLT-2026-429657,Comprehensive Family Care,5000000,2024-07-24,2025-07-24,"In-patient hospitalization, Daycare procedures, AYUSH, Pre/Post Hospitalization","Dental care (unless accident), Maternity (first 2 yrs)","30 days initial, 36 months for pre-existing",25000,10%,No Sub-limits applied,210637.5,Annual,Pending,Net Banking
POL-1061,Manoj Deshmukh,1980-08-14,46,Male,"720, Juhu Road, Hyderabad",+91-7526723719,manoj.deshmukh27@example.com,Aadhaar: 8406-3828-8292,Individual,1,"POL-1061-M01 (Self, Age: 46, DOB: 1980-08-14)",None,Pneumonia (2023),None,None,Sedentary lifestyle,HLT-2026-986593,Super Top-Up Plan,1000000,2024-12-12,2025-12-12,"In-patient hospitalization, Daycare procedures, AYUSH, Pre/Post Hospitalization","Dental care (unless accident), Maternity (first 2 yrs)","30 days initial, 36 months for pre-existing",10000,0%,No Sub-limits applied,29565.0,Quarterly,Overdue,Credit Card
POL-1062,Tanvi Mehta,1965-11-20,60,Male,"215, Station Road, Hyderabad",+91-9121808073,tanvi.mehta13@example.com,PAN: OJUOP2412C,Family Floater,3,"POL-1062-M01 (Self, Age: 60, DOB: 1965-11-20) | POL-1062-M02 (Father, Age: 69, DOB: 1956-10-16) | POL-1062-M03 (Mother, Age: 64, DOB: 1962-04-02)",None,Covid-19 Pneumonia (2021),Cataract Surgery (2022),None,"Non-smoker, Non-drinker",HLT-2026-702826,Critical Illness Cover,300000,2023-09-14,2024-09-13,"In-patient hospitalization, Daycare procedures, AYUSH, Pre/Post Hospitalization","Dental care (unless accident), Maternity (first 2 yrs)","30 days initial, 36 months for pre-existing",25000,20%,"Cataract: Max 50,000 per eye; Knee Replacement: Max 200,000",14760.0,Annual,Overdue,Credit Card
POL-1063,Aditya Rao,2000-02-11,26,Female,"942, MG Road, Delhi",+91-9225231724,aditya.rao29@example.com,PAN: EISIY5653C,Family Floater,2,"POL-1063-M01 (Self, Age: 26, DOB: 2000-02-11) | POL-1063-M02 (Mother, Age: 75, DOB: 1951-02-27)",Asthma,Pneumonia (2023),Appendectomy (2018),Atorvastatin 10mg daily,Sedentary lifestyle,HLT-2026-659392,Super Top-Up Plan,300000,2025-10-26,2026-10-26,"In-patient hospitalization, Daycare procedures, AYUSH, Pre/Post Hospitalization","Cosmetic surgery, Pre-existing conditions (first 3 yrs)","30 days initial, 36 months for pre-existing",0,20%,No Sub-limits applied,9639.0,Quarterly,Overdue,Net Banking
POL-1064,Nikhil Jain,1957-07-18,69,Male,"93, MG Road, Chandigarh",+91-8136688451,nikhil.jain93@example.com,Aadhaar: 7825-1496-9159,Family Floater,4,"POL-1064-M01 (Self, Age: 69, DOB: 1957-07-18) | POL-1064-M02 (Daughter, Age: 7, DOB: 2018-10-31) | POL-1064-M03 (Son, Age: 3, DOB: 2023-05-13) | POL-1064-M04 (Father, Age: 74, DOB: 1951-09-03)",None,Typhoid (2020),ACL Reconstruction (2019),None,Alcohol (Social),HLT-2026-822063,Critical Illness Cover,300000,2023-11-20,2024-11-19,"In-patient hospitalization, Daycare procedures, AYUSH, Pre/Post Hospitalization","Cosmetic surgery, Pre-existing conditions (first 3 yrs)","30 days initial, 36 months for pre-existing",10000,20%,Room Rent: 1% of Sum Insured / day; ICU: 2% / day,18252.0,Monthly,Overdue,Net Banking
POL-1065,Shweta Mehta,1966-09-24,59,Female,"788, Connaught Place, Jaipur",+91-9412273600,shweta.mehta23@example.com,PAN: GDLDB7293T,Family Floater,2,"POL-1065-M01 (Self, Age: 59, DOB: 1966-09-24) | POL-1065-M02 (Son, Age: 11, DOB: 2015-05-06)",None,Dengue (2022),ACL Reconstruction (2019),None,Sedentary lifestyle,HLT-2026-856157,Critical Illness Cover,1000000,2024-01-24,2025-01-23,"In-patient hospitalization, Daycare procedures, AYUSH, Pre/Post Hospitalization","Dental care (unless accident), Maternity (first 2 yrs)","30 days initial, 36 months for pre-existing",10000,10%,Room Rent: 1% of Sum Insured / day; ICU: 2% / day,40545.0,Annual,Pending,Auto-Debit
POL-1066,Pooja Singh,1959-05-14,67,Female,"61, Indiranagar, Ahmedabad",+91-9566323583,pooja.singh93@example.com,Passport: P5794062,Individual,1,"POL-1066-M01 (Self, Age: 67, DOB: 1959-05-14)",None,Pneumonia (2023),Gallbladder Removal (2021),None,Alcohol (Social),HLT-2026-551860,Senior Citizen Health,500000,2024-06-25,2025-06-25,"In-patient hospitalization, Daycare procedures, AYUSH, Pre/Post Hospitalization","Cosmetic surgery, Pre-existing conditions (first 3 yrs)","30 days initial, 36 months for pre-existing",10000,0%,No Sub-limits applied,16908.75,Quarterly,Paid,Net Banking
POL-1067,Ritu Nair,1989-08-29,36,Male,"526, Juhu Road, Jaipur",+91-8201391159,ritu.nair89@example.com,Passport: T2993318,Individual,1,"POL-1067-M01 (Self, Age: 36, DOB: 1989-08-29)",None,Malaria (2019),Gallbladder Removal (2021),None,Smoker (Occasional),HLT-2026-513037,Comprehensive Family Care,1000000,2024-11-25,2025-11-25,"In-patient hospitalization, Daycare procedures, AYUSH, Pre/Post Hospitalization","Self-inflicted injuries, Hazardous sports, Weight loss treatments","30 days initial, 36 months for pre-existing",25000,10%,No Sub-limits applied,27540.0,Annual,Paid,UPI
POL-1068,Vikram Shah,2001-08-04,25,Female,"477, Station Road, Chandigarh",+91-9214080278,vikram.shah27@example.com,PAN: YIKQV6511Q,Family Floater,4,"POL-1068-M01 (Self, Age: 25, DOB: 2001-08-04) | POL-1068-M02 (Mother, Age: 74, DOB: 1951-09-22) | POL-1068-M03 (Father, Age: 63, DOB: 1963-04-19) | POL-1068-M04 (Spouse, Age: 72, DOB: 1954-02-17)",Type 2 Diabetes,Malaria (2019),ACL Reconstruction (2019),Levothyroxine 50mcg,Smoker (Daily),HLT-2026-712056,Super Top-Up Plan,1000000,2023-02-24,2024-02-24,"In-patient hospitalization, Daycare procedures, AYUSH, Pre/Post Hospitalization","Self-inflicted injuries, Hazardous sports, Weight loss treatments","30 days initial, 36 months for pre-existing",0,20%,Room Rent: 1% of Sum Insured / day; ICU: 2% / day,45000.0,Quarterly,Pending,Credit Card
POL-1069,Arjun Bhat,1968-04-04,58,Female,"851, Gachibowli, Mumbai",+91-9459170565,arjun.bhat99@example.com,Aadhaar: 4125-1310-8225,Family Floater,3,"POL-1069-M01 (Self, Age: 58, DOB: 1968-04-04) | POL-1069-M02 (Son, Age: 9, DOB: 2017-04-05) | POL-1069-M03 (Daughter, Age: 9, DOB: 2017-03-15)",None,Pneumonia (2023),Appendectomy (2018),None,Sedentary lifestyle,HLT-2026-741181,Comprehensive Family Care,1500000,2023-05-08,2024-05-07,"In-patient hospitalization, Daycare procedures, AYUSH, Pre/Post Hospitalization","Self-inflicted injuries, Hazardous sports, Weight loss treatments","30 days initial, 36 months for pre-existing",10000,20%,"Cataract: Max 50,000 per eye; Knee Replacement: Max 200,000",72877.5,Quarterly,Pending,Net Banking
POL-1070,Neha Deshmukh,1986-10-14,39,Female,"702, Indiranagar, Chandigarh",+91-9079537716,neha.deshmukh34@example.com,Aadhaar: 5571-5890-4684,Family Floater,3,"POL-1070-M01 (Self, Age: 39, DOB: 1986-10-14) | POL-1070-M02 (Son, Age: 3, DOB: 2023-06-25) | POL-1070-M03 (Mother, Age: 74, DOB: 1952-02-11)",None,Covid-19 Pneumonia (2021),None,None,Sedentary lifestyle,HLT-2026-687713,Super Top-Up Plan,5000000,2024-07-14,2025-07-14,"In-patient hospitalization, Daycare procedures, AYUSH, Pre/Post Hospitalization","Dental care (unless accident), Maternity (first 2 yrs)","30 days initial, 36 months for pre-existing",10000,10%,Room Rent: 1% of Sum Insured / day; ICU: 2% / day,213712.5,Monthly,Paid,Net Banking
POL-1071,Manoj Patel,1994-09-08,31,Female,"681, Indiranagar, Ahmedabad",+91-7919066362,manoj.patel35@example.com,Passport: I5557052,Individual,1,"POL-1071-M01 (Self, Age: 31, DOB: 1994-09-08)",High Cholesterol,Pneumonia (2023),C-Section (2020),Atorvastatin 10mg daily,Smoker (Occasional),HLT-2026-350905,Comprehensive Family Care,500000,2023-04-14,2024-04-13,"In-patient hospitalization, Daycare procedures, AYUSH, Pre/Post Hospitalization","Cosmetic surgery, Pre-existing conditions (first 3 yrs)","30 days initial, 36 months for pre-existing",0,10%,"Cataract: Max 50,000 per eye; Knee Replacement: Max 200,000",13263.75,Quarterly,Pending,UPI
POL-1072,Ishita Rao,1969-03-03,57,Male,"426, Juhu Road, Ahmedabad",+91-9794042404,ishita.rao35@example.com,PAN: IQXCO9767X,Individual,1,"POL-1072-M01 (Self, Age: 57, DOB: 1969-03-03)",None,None,ACL Reconstruction (2019),None,Alcohol (Social),HLT-2026-283568,Comprehensive Family Care,1500000,2023-12-27,2024-12-26,"In-patient hospitalization, Daycare procedures, AYUSH, Pre/Post Hospitalization","Self-inflicted injuries, Hazardous sports, Weight loss treatments","30 days initial, 36 months for pre-existing",10000,0%,Room Rent: 1% of Sum Insured / day; ICU: 2% / day,47688.75,Monthly,Overdue,UPI
POL-1073,Nisha Shah,1995-10-06,30,Female,"666, Koramangala, Jaipur",+91-9121337685,nisha.shah27@example.com,Passport: O5577446,Individual,1,"POL-1073-M01 (Self, Age: 30, DOB: 1995-10-06)",None,Pneumonia (2023),Gallbladder Removal (2021),None,Active / Athlete,HLT-2026-446747,Comprehensive Family Care,500000,2025-07-28,2026-07-28,"In-patient hospitalization, Daycare procedures, AYUSH, Pre/Post Hospitalization","Cosmetic surgery, Pre-existing conditions (first 3 yrs)","30 days initial, 36 months for pre-existing",25000,10%,"Cataract: Max 50,000 per eye; Knee Replacement: Max 200,000",13162.5,Quarterly,Overdue,Credit Card
POL-1074,Neha Bhat,1993-05-15,33,Female,"537, Connaught Place, Delhi",+91-8721565695,neha.bhat95@example.com,Aadhaar: 4027-3303-8822,Family Floater,2,"POL-1074-M01 (Self, Age: 33, DOB: 1993-05-15) | POL-1074-M02 (Spouse, Age: 69, DOB: 1956-12-04)",None,Covid-19 Pneumonia (2021),C-Section (2020),None,Active / Athlete,HLT-2026-568436,Super Top-Up Plan,1000000,2024-11-06,2025-11-06,"In-patient hospitalization, Daycare procedures, AYUSH, Pre/Post Hospitalization","Cosmetic surgery, Pre-existing conditions (first 3 yrs)","30 days initial, 36 months for pre-existing",10000,20%,"Cataract: Max 50,000 per eye; Knee Replacement: Max 200,000",33915.0,Quarterly,Paid,UPI
POL-1075,Ishita Gupta,1982-07-11,44,Female,"173, Banjara Hills, Jaipur",+91-8335640103,ishita.gupta98@example.com,Aadhaar: 5833-7021-4618,Individual,1,"POL-1075-M01 (Self, Age: 44, DOB: 1982-07-11)",None,Pneumonia (2023),C-Section (2020),None,Smoker (Daily),HLT-2026-601410,Critical Illness Cover,500000,2025-07-20,2026-07-20,"In-patient hospitalization, Daycare procedures, AYUSH, Pre/Post Hospitalization","Self-inflicted injuries, Hazardous sports, Weight loss treatments","30 days initial, 36 months for pre-existing",25000,10%,No Sub-limits applied,14580.0,Quarterly,Paid,Credit Card
POL-1076,Ishita Bhat,2002-02-22,24,Male,"467, Koramangala, Kolkata",+91-7335448617,ishita.bhat82@example.com,Aadhaar: 2011-9972-9281,Individual,1,"POL-1076-M01 (Self, Age: 24, DOB: 2002-02-22)",None,Malaria (2019),ACL Reconstruction (2019),None,"Non-smoker, Non-drinker",HLT-2026-257131,Comprehensive Family Care,500000,2024-11-02,2025-11-02,"In-patient hospitalization, Daycare procedures, AYUSH, Pre/Post Hospitalization","Self-inflicted injuries, Hazardous sports, Weight loss treatments","30 days initial, 36 months for pre-existing",25000,10%,Room Rent: 1% of Sum Insured / day; ICU: 2% / day,12555.0,Quarterly,Pending,UPI
POL-1077,Suresh Rao,1995-12-25,30,Female,"587, MG Road, Jaipur",+91-8985899701,suresh.rao96@example.com,PAN: SKVTP1742N,Family Floater,4,"POL-1077-M01 (Self, Age: 30, DOB: 1995-12-25) | POL-1077-M02 (Spouse, Age: 69, DOB: 1957-01-25) | POL-1077-M03 (Son, Age: 17, DOB: 2009-07-19) | POL-1077-M04 (Father, Age: 80, DOB: 1945-09-17)",Hypertension,Covid-19 Pneumonia (2021),ACL Reconstruction (2019),Amlodipine 5mg daily,Alcohol (Social),HLT-2026-903028,Critical Illness Cover,5000000,2025-05-10,2026-05-10,"In-patient hospitalization, Daycare procedures, AYUSH, Pre/Post Hospitalization","Dental care (unless accident), Maternity (first 2 yrs)","30 days initial, 36 months for pre-existing",0,20%,No Sub-limits applied,234000.0,Quarterly,Paid,Net Banking
POL-1078,Priya Kumar,2002-06-12,24,Female,"140, Gachibowli, Mumbai",+91-7097647459,priya.kumar48@example.com,PAN: RONVG6671E,Family Floater,2,"POL-1078-M01 (Self, Age: 24, DOB: 2002-06-12) | POL-1078-M02 (Spouse, Age: 76, DOB: 1950-05-12)",None,Dengue (2022),Appendectomy (2018),None,"Non-smoker, Non-drinker",HLT-2026-539605,Standard Health Guard,2500000,2023-02-02,2024-02-02,"In-patient hospitalization, Daycare procedures, AYUSH, Pre/Post Hospitalization","Self-inflicted injuries, Hazardous sports, Weight loss treatments","30 days initial, 36 months for pre-existing",0,10%,No Sub-limits applied,79050.0,Quarterly,Overdue,UPI
POL-1079,Pooja Verma,1994-05-19,32,Female,"249, Koramangala, Hyderabad",+91-7242425303,pooja.verma27@example.com,Passport: J4928578,Family Floater,4,"POL-1079-M01 (Self, Age: 32, DOB: 1994-05-19) | POL-1079-M02 (Mother, Age: 64, DOB: 1962-04-30) | POL-1079-M03 (Daughter, Age: 13, DOB: 2013-04-24) | POL-1079-M04 (Son, Age: 15, DOB: 2011-03-19)",None,Covid-19 Pneumonia (2021),Gallbladder Removal (2021),None,"Non-smoker, Non-drinker",HLT-2026-646571,Super Top-Up Plan,500000,2025-04-26,2026-04-26,"In-patient hospitalization, Daycare procedures, AYUSH, Pre/Post Hospitalization","Self-inflicted injuries, Hazardous sports, Weight loss treatments","30 days initial, 36 months for pre-existing",25000,0%,No Sub-limits applied,23760.0,Quarterly,Pending,Auto-Debit
POL-1080,Ananya Mehta,2002-01-19,24,Female,"336, Banjara Hills, Pune",+91-7640884760,ananya.mehta48@example.com,PAN: ENGFW3365Z,Family Floater,2,"POL-1080-M01 (Self, Age: 24, DOB: 2002-01-19) | POL-1080-M02 (Mother, Age: 72, DOB: 1954-04-04)",None,Typhoid (2020),Appendectomy (2018),None,Smoker (Daily),HLT-2026-684357,Comprehensive Family Care,2500000,2023-10-02,2024-10-01,"In-patient hospitalization, Daycare procedures, AYUSH, Pre/Post Hospitalization","Dental care (unless accident), Maternity (first 2 yrs)","30 days initial, 36 months for pre-existing",25000,0%,"Cataract: Max 50,000 per eye; Knee Replacement: Max 200,000",79050.0,Monthly,Paid,Credit Card
POL-1081,Ananya Joshi,1958-07-19,68,Female,"904, Park Street, Hyderabad",+91-9523652725,ananya.joshi95@example.com,Passport: G9042900,Individual,1,"POL-1081-M01 (Self, Age: 68, DOB: 1958-07-19)",None,Dengue (2022),Appendectomy (2018),None,Active / Athlete,HLT-2026-449138,Standard Health Guard,1000000,2023-02-01,2024-02-01,"In-patient hospitalization, Daycare procedures, AYUSH, Pre/Post Hospitalization","Self-inflicted injuries, Hazardous sports, Weight loss treatments","30 days initial, 36 months for pre-existing",10000,0%,No Sub-limits applied,34020.0,Quarterly,Overdue,Credit Card
POL-1082,Rajesh Reddy,1980-05-24,46,Female,"399, Juhu Road, Jaipur",+91-9786236956,rajesh.reddy55@example.com,PAN: GNMCZ8692Y,Family Floater,2,"POL-1082-M01 (Self, Age: 46, DOB: 1980-05-24) | POL-1082-M02 (Daughter, Age: 11, DOB: 2015-01-07)",None,None,Gallbladder Removal (2021),None,Sedentary lifestyle,HLT-2026-689849,Super Top-Up Plan,500000,2023-10-26,2024-10-25,"In-patient hospitalization, Daycare procedures, AYUSH, Pre/Post Hospitalization","Self-inflicted injuries, Hazardous sports, Weight loss treatments","30 days initial, 36 months for pre-existing",25000,10%,"Cataract: Max 50,000 per eye; Knee Replacement: Max 200,000",18615.0,Annual,Paid,Net Banking
POL-1083,Pooja Iyer,1999-10-18,26,Male,"573, Connaught Place, Chennai",+91-9098611616,pooja.iyer92@example.com,Passport: P8731427,Individual,1,"POL-1083-M01 (Self, Age: 26, DOB: 1999-10-18)",None,Pneumonia (2023),C-Section (2020),None,Alcohol (Social),HLT-2026-469283,Comprehensive Family Care,500000,2023-10-14,2024-10-13,"In-patient hospitalization, Daycare procedures, AYUSH, Pre/Post Hospitalization","Self-inflicted injuries, Hazardous sports, Weight loss treatments","30 days initial, 36 months for pre-existing",25000,0%,No Sub-limits applied,12757.5,Annual,Paid,UPI
POL-1084,Aditya Sharma,1967-05-03,59,Female,"872, Gachibowli, Delhi",+91-7648667392,aditya.sharma11@example.com,Aadhaar: 9285-8471-7114,Individual,1,"POL-1084-M01 (Self, Age: 59, DOB: 1967-05-03)",None,Pneumonia (2023),ACL Reconstruction (2019),None,"Non-smoker, Non-drinker",HLT-2026-799143,Standard Health Guard,2500000,2025-09-16,2026-09-16,"In-patient hospitalization, Daycare procedures, AYUSH, Pre/Post Hospitalization","Self-inflicted injuries, Hazardous sports, Weight loss treatments","30 days initial, 36 months for pre-existing",25000,10%,Room Rent: 1% of Sum Insured / day; ICU: 2% / day,80493.75,Annual,Overdue,Net Banking
POL-1085,Ritu Nair,2000-01-21,26,Male,"842, Banjara Hills, Bengaluru",+91-7459632043,ritu.nair22@example.com,Passport: E5042786,Individual,1,"POL-1085-M01 (Self, Age: 26, DOB: 2000-01-21)",None,Typhoid (2020),None,None,Smoker (Daily),HLT-2026-364679,Critical Illness Cover,1000000,2024-07-01,2025-07-01,"In-patient hospitalization, Daycare procedures, AYUSH, Pre/Post Hospitalization","Dental care (unless accident), Maternity (first 2 yrs)","30 days initial, 36 months for pre-existing",25000,0%,No Sub-limits applied,25515.0,Annual,Pending,UPI
POL-1086,Karan Verma,1991-05-12,35,Male,"398, Banjara Hills, Jaipur",+91-9044426338,karan.verma17@example.com,Passport: A3875339,Individual,1,"POL-1086-M01 (Self, Age: 35, DOB: 1991-05-12)",None,Malaria (2019),None,None,Sedentary lifestyle,HLT-2026-554987,Standard Health Guard,5000000,2024-11-09,2025-11-09,"In-patient hospitalization, Daycare procedures, AYUSH, Pre/Post Hospitalization","Cosmetic surgery, Pre-existing conditions (first 3 yrs)","30 days initial, 36 months for pre-existing",0,20%,No Sub-limits applied,136687.5,Monthly,Pending,UPI
POL-1087,Nisha Patel,1957-12-14,68,Female,"193, Connaught Place, Mumbai",+91-7889737338,nisha.patel85@example.com,Aadhaar: 7525-2260-5903,Individual,1,"POL-1087-M01 (Self, Age: 68, DOB: 1957-12-14)",None,Typhoid (2020),Cataract Surgery (2022),None,Smoker (Occasional),HLT-2026-694223,Standard Health Guard,1500000,2024-11-10,2025-11-10,"In-patient hospitalization, Daycare procedures, AYUSH, Pre/Post Hospitalization","Self-inflicted injuries, Hazardous sports, Weight loss treatments","30 days initial, 36 months for pre-existing",25000,10%,Room Rent: 1% of Sum Insured / day; ICU: 2% / day,51030.0,Annual,Pending,Credit Card
POL-1088,Nikhil Patel,1990-08-04,36,Female,"802, Connaught Place, Mumbai",+91-9723537339,nikhil.patel44@example.com,PAN: MJYLR7227C,Family Floater,2,"POL-1088-M01 (Self, Age: 36, DOB: 1990-08-04) | POL-1088-M02 (Spouse, Age: 68, DOB: 1957-12-03)",Thyroid Disorder,Covid-19 Pneumonia (2021),None,Amlodipine 5mg daily,"Non-smoker, Non-drinker",HLT-2026-875584,Standard Health Guard,1500000,2024-10-10,2025-10-10,"In-patient hospitalization, Daycare procedures, AYUSH, Pre/Post Hospitalization","Dental care (unless accident), Maternity (first 2 yrs)","30 days initial, 36 months for pre-existing",10000,10%,"Cataract: Max 50,000 per eye; Knee Replacement: Max 200,000",52020.0,Annual,Paid,UPI
POL-1089,Neha Kulkarni,2000-12-21,25,Female,"427, Park Street, Mumbai",+91-7384909986,neha.kulkarni55@example.com,Passport: C6443037,Family Floater,2,"POL-1089-M01 (Self, Age: 25, DOB: 2000-12-21) | POL-1089-M02 (Daughter, Age: 9, DOB: 2017-04-12)",None,Malaria (2019),C-Section (2020),None,Smoker (Occasional),HLT-2026-188813,Critical Illness Cover,5000000,2024-05-12,2025-05-12,"In-patient hospitalization, Daycare procedures, AYUSH, Pre/Post Hospitalization","Cosmetic surgery, Pre-existing conditions (first 3 yrs)","30 days initial, 36 months for pre-existing",0,10%,"Cataract: Max 50,000 per eye; Knee Replacement: Max 200,000",159375.0,Monthly,Pending,Credit Card
POL-1090,Rohan Kumar,1979-10-04,46,Female,"441, Indiranagar, Ahmedabad",+91-7330374745,rohan.kumar56@example.com,PAN: YSMQL3219J,Individual,1,"POL-1090-M01 (Self, Age: 46, DOB: 1979-10-04)",None,Covid-19 Pneumonia (2021),ACL Reconstruction (2019),None,Smoker (Daily),HLT-2026-448354,Critical Illness Cover,2500000,2025-02-17,2026-02-17,"In-patient hospitalization, Daycare procedures, AYUSH, Pre/Post Hospitalization","Self-inflicted injuries, Hazardous sports, Weight loss treatments","30 days initial, 36 months for pre-existing",25000,0%,"Cataract: Max 50,000 per eye; Knee Replacement: Max 200,000",73912.5,Monthly,Overdue,Credit Card
POL-1091,Sunita Shah,1990-09-23,35,Male,"336, Indiranagar, Ahmedabad",+91-9473382684,sunita.shah41@example.com,PAN: JVKCO9939F,Individual,1,"POL-1091-M01 (Self, Age: 35, DOB: 1990-09-23)",None,Typhoid (2020),Gallbladder Removal (2021),None,Active / Athlete,HLT-2026-584045,Standard Health Guard,5000000,2024-03-05,2025-03-05,"In-patient hospitalization, Daycare procedures, AYUSH, Pre/Post Hospitalization","Dental care (unless accident), Maternity (first 2 yrs)","30 days initial, 36 months for pre-existing",25000,10%,Room Rent: 1% of Sum Insured / day; ICU: 2% / day,136687.5,Quarterly,Pending,Credit Card
POL-1092,Rahul Rao,1988-10-27,37,Female,"85, Juhu Road, Chandigarh",+91-9058297345,rahul.rao84@example.com,PAN: NYWKA6890W,Individual,1,"POL-1092-M01 (Self, Age: 37, DOB: 1988-10-27)",Hypertension,Malaria (2019),Cataract Surgery (2022),Inhaler as needed,Active / Athlete,HLT-2026-274418,Critical Illness Cover,5000000,2023-04-01,2024-03-31,"In-patient hospitalization, Daycare procedures, AYUSH, Pre/Post Hospitalization","Dental care (unless accident), Maternity (first 2 yrs)","30 days initial, 36 months for pre-existing",10000,0%,Room Rent: 1% of Sum Insured / day; ICU: 2% / day,138712.5,Annual,Pending,Credit Card
POL-1093,Arjun Banerjee,1994-12-29,31,Male,"393, Banjara Hills, Ahmedabad",+91-9918668580,arjun.banerjee85@example.com,Passport: Q3529080,Family Floater,2,"POL-1093-M01 (Self, Age: 31, DOB: 1994-12-29) | POL-1093-M02 (Father, Age: 79, DOB: 1947-05-07)",Type 2 Diabetes,Covid-19 Pneumonia (2021),Gallbladder Removal (2021),Metformin 500mg daily,Smoker (Daily),HLT-2026-971699,Critical Illness Cover,5000000,2023-10-18,2024-10-17,"In-patient hospitalization, Daycare procedures, AYUSH, Pre/Post Hospitalization","Cosmetic surgery, Pre-existing conditions (first 3 yrs)","30 days initial, 36 months for pre-existing",25000,10%,"Cataract: Max 50,000 per eye; Knee Replacement: Max 200,000",167025.0,Monthly,Paid,Auto-Debit
POL-1094,Shweta Deshmukh,1961-01-10,65,Female,"317, MG Road, Delhi",+91-7097002315,shweta.deshmukh53@example.com,Passport: D3757404,Individual,1,"POL-1094-M01 (Self, Age: 65, DOB: 1961-01-10)",None,Malaria (2019),ACL Reconstruction (2019),None,Alcohol (Social),HLT-2026-678719,Comprehensive Family Care,500000,2024-11-08,2025-11-08,"In-patient hospitalization, Daycare procedures, AYUSH, Pre/Post Hospitalization","Dental care (unless accident), Maternity (first 2 yrs)","30 days initial, 36 months for pre-existing",25000,0%,Room Rent: 1% of Sum Insured / day; ICU: 2% / day,16706.25,Quarterly,Overdue,Auto-Debit
POL-1095,Rajesh Sharma,1995-05-02,31,Male,"616, Banjara Hills, Pune",+91-7019112776,rajesh.sharma37@example.com,Aadhaar: 5560-2025-2667,Individual,1,"POL-1095-M01 (Self, Age: 31, DOB: 1995-05-02)",None,Covid-19 Pneumonia (2021),Cataract Surgery (2022),None,Alcohol (Social),HLT-2026-306647,Super Top-Up Plan,1500000,2023-08-22,2024-08-21,"In-patient hospitalization, Daycare procedures, AYUSH, Pre/Post Hospitalization","Self-inflicted injuries, Hazardous sports, Weight loss treatments","30 days initial, 36 months for pre-existing",10000,20%,"Cataract: Max 50,000 per eye; Knee Replacement: Max 200,000",39791.25,Quarterly,Pending,UPI
POL-1096,Sneha Mehta,1970-06-24,56,Female,"843, Indiranagar, Chandigarh",+91-9534753843,sneha.mehta20@example.com,Passport: E6254384,Individual,1,"POL-1096-M01 (Self, Age: 56, DOB: 1970-06-24)",Type 2 Diabetes,Malaria (2019),ACL Reconstruction (2019),Amlodipine 5mg daily,Alcohol (Social),HLT-2026-491439,Super Top-Up Plan,5000000,2023-10-17,2024-10-16,"In-patient hospitalization, Daycare procedures, AYUSH, Pre/Post Hospitalization","Cosmetic surgery, Pre-existing conditions (first 3 yrs)","30 days initial, 36 months for pre-existing",25000,10%,"Cataract: Max 50,000 per eye; Knee Replacement: Max 200,000",157950.0,Annual,Pending,Credit Card
POL-1097,Ritu Kumar,1980-11-29,45,Female,"153, Station Road, Kolkata",+91-8937034431,ritu.kumar89@example.com,Aadhaar: 6882-1157-8939,Individual,1,"POL-1097-M01 (Self, Age: 45, DOB: 1980-11-29)",Thyroid Disorder,Typhoid (2020),Cataract Surgery (2022),Atorvastatin 10mg daily,Alcohol (Social),HLT-2026-629990,Critical Illness Cover,5000000,2025-10-10,2026-10-10,"In-patient hospitalization, Daycare procedures, AYUSH, Pre/Post Hospitalization","Self-inflicted injuries, Hazardous sports, Weight loss treatments","30 days initial, 36 months for pre-existing",10000,10%,Room Rent: 1% of Sum Insured / day; ICU: 2% / day,146812.5,Annual,Overdue,UPI
POL-1098,Tanvi Reddy,1957-12-07,68,Female,"291, Gachibowli, Jaipur",+91-8239829538,tanvi.reddy31@example.com,PAN: OUMNO5389Y,Family Floater,4,"POL-1098-M01 (Self, Age: 68, DOB: 1957-12-07) | POL-1098-M02 (Spouse, Age: 29, DOB: 1997-07-10) | POL-1098-M03 (Mother, Age: 69, DOB: 1957-04-03) | POL-1098-M04 (Son, Age: 9, DOB: 2017-07-14)",Arthritis,Covid-19 Pneumonia (2021),Gallbladder Removal (2021),Amlodipine 5mg daily,"Non-smoker, Non-drinker",HLT-2026-412170,Critical Illness Cover,300000,2025-07-10,2026-07-10,"In-patient hospitalization, Daycare procedures, AYUSH, Pre/Post Hospitalization","Cosmetic surgery, Pre-existing conditions (first 3 yrs)","30 days initial, 36 months for pre-existing",0,0%,No Sub-limits applied,18144.0,Quarterly,Overdue,Net Banking
POL-1099,Deepika Bhat,1969-11-21,56,Female,"640, Station Road, Hyderabad",+91-7888812214,deepika.bhat17@example.com,Passport: L9930189,Family Floater,4,"POL-1099-M01 (Self, Age: 56, DOB: 1969-11-21) | POL-1099-M02 (Mother, Age: 77, DOB: 1948-10-11) | POL-1099-M03 (Daughter, Age: 2, DOB: 2023-10-16) | POL-1099-M04 (Son, Age: 12, DOB: 2014-06-28)",None,Dengue (2022),ACL Reconstruction (2019),None,"Non-smoker, Non-drinker",HLT-2026-999695,Senior Citizen Health,2500000,2023-07-15,2024-07-14,"In-patient hospitalization, Daycare procedures, AYUSH, Pre/Post Hospitalization","Self-inflicted injuries, Hazardous sports, Weight loss treatments","30 days initial, 36 months for pre-existing",0,20%,Room Rent: 1% of Sum Insured / day; ICU: 2% / day,140400.0,Annual,Paid,Net Banking
POL-1100,Nikhil Reddy,1998-11-29,27,Female,"155, Civil Lines, Chennai",+91-9696435541,nikhil.reddy63@example.com,PAN: LQWCN5558W,Family Floater,3,"POL-1100-M01 (Self, Age: 27, DOB: 1998-11-29) | POL-1100-M02 (Father, Age: 74, DOB: 1952-05-05) | POL-1100-M03 (Spouse, Age: 67, DOB: 1958-09-06)",None,Pneumonia (2023),Cataract Surgery (2022),None,Active / Athlete,HLT-2026-197666,Senior Citizen Health,5000000,2025-07-27,2026-07-27,"In-patient hospitalization, Daycare procedures, AYUSH, Pre/Post Hospitalization","Cosmetic surgery, Pre-existing conditions (first 3 yrs)","30 days initial, 36 months for pre-existing",25000,10%,Room Rent: 1% of Sum Insured / day; ICU: 2% / day,195262.5,Monthly,Paid,Auto-Debit
POL-1101,Rahul Shah,1985-04-20,41,Female,"570, Civil Lines, Bengaluru",+91-9431561831,rahul.shah72@example.com,PAN: XTBQV1266D,Individual,1,"POL-1101-M01 (Self, Age: 41, DOB: 1985-04-20)",None,Pneumonia (2023),Appendectomy (2018),None,Active / Athlete,HLT-2026-100708,Senior Citizen Health,1500000,2024-02-19,2025-02-18,"In-patient hospitalization, Daycare procedures, AYUSH, Pre/Post Hospitalization","Cosmetic surgery, Pre-existing conditions (first 3 yrs)","30 days initial, 36 months for pre-existing",10000,0%,No Sub-limits applied,42828.75,Monthly,Pending,UPI
POL-1102,Sneha Kumar,1990-07-23,36,Male,"650, Indiranagar, Hyderabad",+91-8843532841,sneha.kumar93@example.com,Aadhaar: 2559-1017-4496,Family Floater,2,"POL-1102-M01 (Self, Age: 36, DOB: 1990-07-23) | POL-1102-M02 (Son, Age: 5, DOB: 2021-04-25)",High Cholesterol,None,ACL Reconstruction (2019),Levothyroxine 50mcg,Active / Athlete,HLT-2026-109738,Comprehensive Family Care,300000,2024-12-04,2025-12-04,"In-patient hospitalization, Daycare procedures, AYUSH, Pre/Post Hospitalization","Dental care (unless accident), Maternity (first 2 yrs)","30 days initial, 36 months for pre-existing",0,0%,"Cataract: Max 50,000 per eye; Knee Replacement: Max 200,000",10404.0,Annual,Overdue,UPI
POL-1103,Priya Shah,1981-11-05,44,Female,"150, Banjara Hills, Bengaluru",+91-9755548556,priya.shah96@example.com,Aadhaar: 2120-9691-1138,Individual,1,"POL-1103-M01 (Self, Age: 44, DOB: 1981-11-05)",None,Typhoid (2020),C-Section (2020),None,Active / Athlete,HLT-2026-857524,Critical Illness Cover,500000,2023-11-07,2024-11-06,"In-patient hospitalization, Daycare procedures, AYUSH, Pre/Post Hospitalization","Cosmetic surgery, Pre-existing conditions (first 3 yrs)","30 days initial, 36 months for pre-existing",0,0%,Room Rent: 1% of Sum Insured / day; ICU: 2% / day,14580.0,Annual,Overdue,Auto-Debit
POL-1104,Sneha Kulkarni,1967-07-18,59,Female,"263, Indiranagar, Delhi",+91-8065869250,sneha.kulkarni80@example.com,Passport: T5780177,Individual,1,"POL-1104-M01 (Self, Age: 59, DOB: 1967-07-18)",None,Malaria (2019),C-Section (2020),None,Sedentary lifestyle,HLT-2026-790388,Comprehensive Family Care,1000000,2024-02-25,2025-02-24,"In-patient hospitalization, Daycare procedures, AYUSH, Pre/Post Hospitalization","Self-inflicted injuries, Hazardous sports, Weight loss treatments","30 days initial, 36 months for pre-existing",10000,10%,No Sub-limits applied,32197.5,Annual,Paid,Auto-Debit
POL-1105,Rajesh Gupta,1999-10-27,26,Male,"663, Civil Lines, Delhi",+91-9268973245,rajesh.gupta11@example.com,PAN: YDWOJ3830Y,Family Floater,2,"POL-1105-M01 (Self, Age: 26, DOB: 1999-10-27) | POL-1105-M02 (Spouse, Age: 70, DOB: 1956-08-02)",Asthma,Malaria (2019),Gallbladder Removal (2021),Amlodipine 5mg daily,Active / Athlete,HLT-2026-141761,Super Top-Up Plan,300000,2025-03-26,2026-03-26,"In-patient hospitalization, Daycare procedures, AYUSH, Pre/Post Hospitalization","Dental care (unless accident), Maternity (first 2 yrs)","30 days initial, 36 months for pre-existing",10000,20%,"Cataract: Max 50,000 per eye; Knee Replacement: Max 200,000",9639.0,Annual,Overdue,Credit Card
POL-1106,Rahul Patel,1962-02-02,64,Female,"533, Gachibowli, Bengaluru",+91-9303778262,rahul.patel51@example.com,PAN: PTQQI8167X,Individual,1,"POL-1106-M01 (Self, Age: 64, DOB: 1962-02-02)",Type 2 Diabetes,Covid-19 Pneumonia (2021),Cataract Surgery (2022),Levothyroxine 50mcg,Active / Athlete,HLT-2026-221620,Comprehensive Family Care,1500000,2023-04-23,2024-04-22,"In-patient hospitalization, Daycare procedures, AYUSH, Pre/Post Hospitalization","Cosmetic surgery, Pre-existing conditions (first 3 yrs)","30 days initial, 36 months for pre-existing",0,20%,Room Rent: 1% of Sum Insured / day; ICU: 2% / day,49815.0,Quarterly,Paid,Credit Card
POL-1107,Sunita Mehta,1969-12-24,56,Female,"390, Station Road, Chennai",+91-7507049745,sunita.mehta13@example.com,PAN: UHBSO2262P,Family Floater,4,"POL-1107-M01 (Self, Age: 56, DOB: 1969-12-24) | POL-1107-M02 (Daughter, Age: 17, DOB: 2009-03-30) | POL-1107-M03 (Mother, Age: 62, DOB: 1964-04-10) | POL-1107-M04 (Father, Age: 77, DOB: 1948-09-29)",None,Dengue (2022),Cataract Surgery (2022),None,Sedentary lifestyle,HLT-2026-367508,Standard Health Guard,300000,2023-08-25,2024-08-24,"In-patient hospitalization, Daycare procedures, AYUSH, Pre/Post Hospitalization","Cosmetic surgery, Pre-existing conditions (first 3 yrs)","30 days initial, 36 months for pre-existing",0,0%,Room Rent: 1% of Sum Insured / day; ICU: 2% / day,16848.0,Monthly,Pending,Auto-Debit
POL-1108,Nisha Rao,1958-03-04,68,Male,"576, Banjara Hills, Hyderabad",+91-8382129132,nisha.rao41@example.com,PAN: XIVOD1862F,Individual,1,"POL-1108-M01 (Self, Age: 68, DOB: 1958-03-04)",None,Typhoid (2020),Gallbladder Removal (2021),None,Smoker (Daily),HLT-2026-148159,Senior Citizen Health,1500000,2023-05-22,2024-05-21,"In-patient hospitalization, Daycare procedures, AYUSH, Pre/Post Hospitalization","Cosmetic surgery, Pre-existing conditions (first 3 yrs)","30 days initial, 36 months for pre-existing",25000,10%,Room Rent: 1% of Sum Insured / day; ICU: 2% / day,51030.0,Monthly,Paid,Net Banking
POL-1109,Sanjay Nair,1996-08-14,30,Male,"387, Civil Lines, Ahmedabad",+91-7839332926,sanjay.nair79@example.com,Aadhaar: 3466-1104-7718,Individual,1,"POL-1109-M01 (Self, Age: 30, DOB: 1996-08-14)",Asthma,Pneumonia (2023),Cataract Surgery (2022),Metformin 500mg daily,Smoker (Daily),HLT-2026-451291,Standard Health Guard,300000,2025-02-09,2026-02-09,"In-patient hospitalization, Daycare procedures, AYUSH, Pre/Post Hospitalization","Cosmetic surgery, Pre-existing conditions (first 3 yrs)","30 days initial, 36 months for pre-existing",25000,0%,"Cataract: Max 50,000 per eye; Knee Replacement: Max 200,000",7897.5,Monthly,Paid,Credit Card
POL-1110,Manoj Joshi,1958-12-09,67,Male,"953, Gachibowli, Jaipur",+91-8774065466,manoj.joshi99@example.com,PAN: LTPNQ7461C,Individual,1,"POL-1110-M01 (Self, Age: 67, DOB: 1958-12-09)",None,Covid-19 Pneumonia (2021),Gallbladder Removal (2021),None,Alcohol (Social),HLT-2026-237057,Senior Citizen Health,500000,2024-08-20,2025-08-20,"In-patient hospitalization, Daycare procedures, AYUSH, Pre/Post Hospitalization","Dental care (unless accident), Maternity (first 2 yrs)","30 days initial, 36 months for pre-existing",10000,10%,Room Rent: 1% of Sum Insured / day; ICU: 2% / day,16908.75,Annual,Paid,Credit Card
POL-1111,Aditya Jain,1968-12-10,57,Male,"118, Station Road, Ahmedabad",+91-9001691476,aditya.jain50@example.com,PAN: DJULM2964C,Individual,1,"POL-1111-M01 (Self, Age: 57, DOB: 1968-12-10)",None,Dengue (2022),Gallbladder Removal (2021),None,Smoker (Occasional),HLT-2026-418992,Standard Health Guard,5000000,2023-03-24,2024-03-23,"In-patient hospitalization, Daycare procedures, AYUSH, Pre/Post Hospitalization","Self-inflicted injuries, Hazardous sports, Weight loss treatments","30 days initial, 36 months for pre-existing",0,10%,"Cataract: Max 50,000 per eye; Knee Replacement: Max 200,000",158962.5,Quarterly,Paid,Net Banking
POL-1112,Rahul Kumar,1991-04-13,35,Male,"885, Juhu Road, Jaipur",+91-9362751242,rahul.kumar41@example.com,Aadhaar: 8570-2669-3290,Individual,1,"POL-1112-M01 (Self, Age: 35, DOB: 1991-04-13)",Arthritis,Covid-19 Pneumonia (2021),Cataract Surgery (2022),Amlodipine 5mg daily,Active / Athlete,HLT-2026-237064,Standard Health Guard,500000,2025-03-31,2026-03-31,"In-patient hospitalization, Daycare procedures, AYUSH, Pre/Post Hospitalization","Self-inflicted injuries, Hazardous sports, Weight loss treatments","30 days initial, 36 months for pre-existing",25000,10%,Room Rent: 1% of Sum Insured / day; ICU: 2% / day,13668.75,Annual,Paid,Credit Card
POL-1113,Alok Deshmukh,1963-04-02,63,Male,"936, Connaught Place, Delhi",+91-7183379287,alok.deshmukh69@example.com,Aadhaar: 3752-8096-7471,Family Floater,2,"POL-1113-M01 (Self, Age: 63, DOB: 1963-04-02) | POL-1113-M02 (Father, Age: 66, DOB: 1960-04-28)",None,Covid-19 Pneumonia (2021),Gallbladder Removal (2021),None,Alcohol (Social),HLT-2026-471136,Comprehensive Family Care,500000,2024-01-19,2025-01-18,"In-patient hospitalization, Daycare procedures, AYUSH, Pre/Post Hospitalization","Cosmetic surgery, Pre-existing conditions (first 3 yrs)","30 days initial, 36 months for pre-existing",25000,20%,No Sub-limits applied,20782.5,Annual,Overdue,Net Banking
POL-1114,Sunita Kulkarni,1960-06-21,66,Female,"99, Indiranagar, Pune",+91-7589424206,sunita.kulkarni63@example.com,Aadhaar: 9614-5082-9907,Individual,1,"POL-1114-M01 (Self, Age: 66, DOB: 1960-06-21)",None,Typhoid (2020),C-Section (2020),None,Alcohol (Social),HLT-2026-919898,Senior Citizen Health,5000000,2025-01-05,2026-01-05,"In-patient hospitalization, Daycare procedures, AYUSH, Pre/Post Hospitalization","Self-inflicted injuries, Hazardous sports, Weight loss treatments","30 days initial, 36 months for pre-existing",25000,10%,"Cataract: Max 50,000 per eye; Knee Replacement: Max 200,000",168075.0,Monthly,Paid,UPI
POL-1115,Amit Bhat,1957-08-18,68,Male,"927, Indiranagar, Mumbai",+91-9025869016,amit.bhat77@example.com,PAN: TZZCR5366R,Individual,1,"POL-1115-M01 (Self, Age: 68, DOB: 1957-08-18)",None,Covid-19 Pneumonia (2021),Appendectomy (2018),None,Smoker (Occasional),HLT-2026-330069,Comprehensive Family Care,2500000,2025-03-06,2026-03-06,"In-patient hospitalization, Daycare procedures, AYUSH, Pre/Post Hospitalization","Self-inflicted injuries, Hazardous sports, Weight loss treatments","30 days initial, 36 months for pre-existing",10000,20%,No Sub-limits applied,85050.0,Monthly,Overdue,UPI
POL-1116,Manoj Mehta,1971-11-21,54,Male,"866, Juhu Road, Jaipur",+91-8327372855,manoj.mehta32@example.com,PAN: ABPAM6435T,Individual,1,"POL-1116-M01 (Self, Age: 54, DOB: 1971-11-21)",None,Covid-19 Pneumonia (2021),None,None,"Non-smoker, Non-drinker",HLT-2026-457311,Comprehensive Family Care,5000000,2023-12-30,2024-12-29,"In-patient hospitalization, Daycare procedures, AYUSH, Pre/Post Hospitalization","Self-inflicted injuries, Hazardous sports, Weight loss treatments","30 days initial, 36 months for pre-existing",25000,0%,Room Rent: 1% of Sum Insured / day; ICU: 2% / day,155925.0,Quarterly,Pending,UPI
POL-1117,Sneha Iyer,1985-03-12,41,Male,"319, Connaught Place, Bengaluru",+91-7676474018,sneha.iyer65@example.com,Passport: P6323132,Individual,1,"POL-1117-M01 (Self, Age: 41, DOB: 1985-03-12)",None,Dengue (2022),Cataract Surgery (2022),None,Sedentary lifestyle,HLT-2026-689275,Comprehensive Family Care,5000000,2024-12-31,2025-12-31,"In-patient hospitalization, Daycare procedures, AYUSH, Pre/Post Hospitalization","Dental care (unless accident), Maternity (first 2 yrs)","30 days initial, 36 months for pre-existing",10000,20%,No Sub-limits applied,142762.5,Monthly,Paid,Credit Card
POL-1118,Shweta Sharma,1957-11-27,68,Female,"196, Civil Lines, Kolkata",+91-9625862062,shweta.sharma38@example.com,Passport: S2746679,Family Floater,2,"POL-1118-M01 (Self, Age: 68, DOB: 1957-11-27) | POL-1118-M02 (Daughter, Age: 16, DOB: 2009-09-29)",Asthma,Typhoid (2020),None,Amlodipine 5mg daily,Smoker (Daily),HLT-2026-767090,Comprehensive Family Care,300000,2024-11-18,2025-11-18,"In-patient hospitalization, Daycare procedures, AYUSH, Pre/Post Hospitalization","Cosmetic surgery, Pre-existing conditions (first 3 yrs)","30 days initial, 36 months for pre-existing",25000,0%,"Cataract: Max 50,000 per eye; Knee Replacement: Max 200,000",12852.0,Monthly,Paid,UPI
POL-1119,Ananya Iyer,1992-08-25,33,Female,"180, Banjara Hills, Ahmedabad",+91-8626558140,ananya.iyer54@example.com,Passport: M2701688,Family Floater,4,"POL-1119-M01 (Self, Age: 33, DOB: 1992-08-25) | POL-1119-M02 (Son, Age: 14, DOB: 2011-08-25) | POL-1119-M03 (Mother, Age: 79, DOB: 1946-08-27) | POL-1119-M04 (Spouse, Age: 69, DOB: 1957-04-22)",Asthma,Typhoid (2020),Appendectomy (2018),Metformin 500mg daily,Active / Athlete,HLT-2026-177804,Standard Health Guard,1000000,2023-12-15,2024-12-14,"In-patient hospitalization, Daycare procedures, AYUSH, Pre/Post Hospitalization","Self-inflicted injuries, Hazardous sports, Weight loss treatments","30 days initial, 36 months for pre-existing",0,10%,No Sub-limits applied,47880.0,Quarterly,Pending,UPI
POL-1120,Meera Kumar,1969-02-03,57,Female,"64, Park Street, Kolkata",+91-7882832553,meera.kumar34@example.com,PAN: SSSGH4891D,Individual,1,"POL-1120-M01 (Self, Age: 57, DOB: 1969-02-03)",None,None,Gallbladder Removal (2021),None,"Non-smoker, Non-drinker",HLT-2026-676363,Critical Illness Cover,1500000,2023-11-11,2024-11-10,"In-patient hospitalization, Daycare procedures, AYUSH, Pre/Post Hospitalization","Cosmetic surgery, Pre-existing conditions (first 3 yrs)","30 days initial, 36 months for pre-existing",10000,20%,No Sub-limits applied,47688.75,Quarterly,Pending,Credit Card
POL-1121,Priya Sharma,1970-04-29,56,Male,"663, Indiranagar, Delhi",+91-9033970459,priya.sharma24@example.com,PAN: UMXGQ7349F,Family Floater,3,"POL-1121-M01 (Self, Age: 56, DOB: 1970-04-29) | POL-1121-M02 (Daughter, Age: 14, DOB: 2012-03-08) | POL-1121-M03 (Mother, Age: 80, DOB: 1946-01-01)",Thyroid Disorder,Dengue (2022),Cataract Surgery (2022),Inhaler as needed,Active / Athlete,HLT-2026-337232,Standard Health Guard,1000000,2023-05-07,2024-05-06,"In-patient hospitalization, Daycare procedures, AYUSH, Pre/Post Hospitalization","Cosmetic surgery, Pre-existing conditions (first 3 yrs)","30 days initial, 36 months for pre-existing",25000,10%,No Sub-limits applied,47970.0,Monthly,Overdue,Credit Card
POL-1122,Ritu Verma,2001-11-18,24,Female,"438, Koramangala, Ahmedabad",+91-9459789133,ritu.verma40@example.com,PAN: HKWAO9467Z,Individual,1,"POL-1122-M01 (Self, Age: 24, DOB: 2001-11-18)",Arthritis,Dengue (2022),Appendectomy (2018),Levothyroxine 50mcg,"Non-smoker, Non-drinker",HLT-2026-281276,Critical Illness Cover,500000,2024-03-09,2025-03-09,"In-patient hospitalization, Daycare procedures, AYUSH, Pre/Post Hospitalization","Cosmetic surgery, Pre-existing conditions (first 3 yrs)","30 days initial, 36 months for pre-existing",25000,10%,Room Rent: 1% of Sum Insured / day; ICU: 2% / day,12555.0,Quarterly,Paid,Net Banking
POL-1123,Amit Patel,1989-10-26,36,Male,"579, Banjara Hills, Jaipur",+91-8400703953,amit.patel45@example.com,Passport: O1207430,Family Floater,2,"POL-1123-M01 (Self, Age: 36, DOB: 1989-10-26) | POL-1123-M02 (Father, Age: 78, DOB: 1948-05-10)",Mild Obesity,Malaria (2019),None,Atorvastatin 10mg daily,Smoker (Daily),HLT-2026-895216,Super Top-Up Plan,300000,2023-08-05,2024-08-04,"In-patient hospitalization, Daycare procedures, AYUSH, Pre/Post Hospitalization","Dental care (unless accident), Maternity (first 2 yrs)","30 days initial, 36 months for pre-existing",10000,10%,"Cataract: Max 50,000 per eye; Knee Replacement: Max 200,000",10404.0,Quarterly,Pending,Auto-Debit
POL-1124,Ananya Kumar,1991-02-25,35,Female,"157, Civil Lines, Chandigarh",+91-9924068985,ananya.kumar98@example.com,PAN: BXIGT5400L,Individual,1,"POL-1124-M01 (Self, Age: 35, DOB: 1991-02-25)",Arthritis,Pneumonia (2023),Cataract Surgery (2022),Inhaler as needed,"Non-smoker, Non-drinker",HLT-2026-426053,Comprehensive Family Care,1000000,2025-10-03,2026-10-03,"In-patient hospitalization, Daycare procedures, AYUSH, Pre/Post Hospitalization","Cosmetic surgery, Pre-existing conditions (first 3 yrs)","30 days initial, 36 months for pre-existing",10000,20%,"Cataract: Max 50,000 per eye; Knee Replacement: Max 200,000",27337.5,Monthly,Pending,Auto-Debit
POL-1125,Divya Patel,1994-08-18,31,Male,"226, Banjara Hills, Ahmedabad",+91-9218356672,divya.patel57@example.com,Aadhaar: 9442-3604-2075,Family Floater,4,"POL-1125-M01 (Self, Age: 31, DOB: 1994-08-18) | POL-1125-M02 (Mother, Age: 72, DOB: 1954-01-18) | POL-1125-M03 (Son, Age: 6, DOB: 2019-10-04) | POL-1125-M04 (Father, Age: 80, DOB: 1945-08-26)",Arthritis,None,ACL Reconstruction (2019),Amlodipine 5mg daily,"Non-smoker, Non-drinker",HLT-2026-977633,Senior Citizen Health,300000,2024-05-25,2025-05-25,"In-patient hospitalization, Daycare procedures, AYUSH, Pre/Post Hospitalization","Self-inflicted injuries, Hazardous sports, Weight loss treatments","30 days initial, 36 months for pre-existing",0,10%,"Cataract: Max 50,000 per eye; Knee Replacement: Max 200,000",14148.0,Monthly,Overdue,Auto-Debit
POL-1126,Karan Gupta,1976-09-14,49,Male,"391, Juhu Road, Chandigarh",+91-8915999663,karan.gupta32@example.com,PAN: PJEXT2480J,Individual,1,"POL-1126-M01 (Self, Age: 49, DOB: 1976-09-14)",None,Dengue (2022),Cataract Surgery (2022),None,Smoker (Occasional),HLT-2026-270820,Comprehensive Family Care,2500000,2024-03-14,2025-03-14,"In-patient hospitalization, Daycare procedures, AYUSH, Pre/Post Hospitalization","Dental care (unless accident), Maternity (first 2 yrs)","30 days initial, 36 months for pre-existing",25000,10%,No Sub-limits applied,75431.25,Annual,Overdue,UPI
POL-1127,Sunita Rao,1955-10-05,70,Male,"239, Indiranagar, Chandigarh",+91-8311939403,sunita.rao92@example.com,PAN: LJJGM9530T,Family Floater,4,"POL-1127-M01 (Self, Age: 70, DOB: 1955-10-05) | POL-1127-M02 (Spouse, Age: 35, DOB: 1991-01-31) | POL-1127-M03 (Father, Age: 69, DOB: 1957-08-05) | POL-1127-M04 (Mother, Age: 68, DOB: 1958-04-27)",None,Typhoid (2020),None,None,Smoker (Daily),HLT-2026-412974,Senior Citizen Health,5000000,2023-08-10,2024-08-09,"In-patient hospitalization, Daycare procedures, AYUSH, Pre/Post Hospitalization","Self-inflicted injuries, Hazardous sports, Weight loss treatments","30 days initial, 36 months for pre-existing",10000,10%,"Cataract: Max 50,000 per eye; Knee Replacement: Max 200,000",306000.0,Quarterly,Overdue,Net Banking
POL-1128,Siddharth Rao,1960-02-04,66,Male,"834, Civil Lines, Pune",+91-9836956156,siddharth.rao50@example.com,Passport: E1427068,Family Floater,3,"POL-1128-M01 (Self, Age: 66, DOB: 1960-02-04) | POL-1128-M02 (Daughter, Age: 9, DOB: 2017-05-21) | POL-1128-M03 (Mother, Age: 72, DOB: 1953-09-16)",None,Covid-19 Pneumonia (2021),Cataract Surgery (2022),None,Active / Athlete,HLT-2026-711344,Comprehensive Family Care,5000000,2024-01-24,2025-01-23,"In-patient hospitalization, Daycare procedures, AYUSH, Pre/Post Hospitalization","Self-inflicted injuries, Hazardous sports, Weight loss treatments","30 days initial, 36 months for pre-existing",25000,20%,"Cataract: Max 50,000 per eye; Knee Replacement: Max 200,000",255225.0,Quarterly,Pending,Net Banking
POL-1129,Deepika Kumar,1981-05-10,45,Male,"109, Juhu Road, Bengaluru",+91-8110901233,deepika.kumar81@example.com,Aadhaar: 6499-2463-4641,Family Floater,2,"POL-1129-M01 (Self, Age: 45, DOB: 1981-05-10) | POL-1129-M02 (Daughter, Age: 9, DOB: 2017-06-06)",None,Malaria (2019),Gallbladder Removal (2021),None,Alcohol (Social),HLT-2026-447411,Standard Health Guard,1000000,2024-06-17,2025-06-17,"In-patient hospitalization, Daycare procedures, AYUSH, Pre/Post Hospitalization","Dental care (unless accident), Maternity (first 2 yrs)","30 days initial, 36 months for pre-existing",0,20%,No Sub-limits applied,36975.0,Quarterly,Overdue,UPI
POL-1130,Sunita Singh,1989-03-29,37,Male,"552, Indiranagar, Pune",+91-7232194392,sunita.singh29@example.com,Aadhaar: 4281-6614-7704,Family Floater,2,"POL-1130-M01 (Self, Age: 37, DOB: 1989-03-29) | POL-1130-M02 (Daughter, Age: 14, DOB: 2012-01-17)",None,Covid-19 Pneumonia (2021),Cataract Surgery (2022),None,"Non-smoker, Non-drinker",HLT-2026-611265,Standard Health Guard,1000000,2023-12-29,2024-12-28,"In-patient hospitalization, Daycare procedures, AYUSH, Pre/Post Hospitalization","Dental care (unless accident), Maternity (first 2 yrs)","30 days initial, 36 months for pre-existing",10000,0%,Room Rent: 1% of Sum Insured / day; ICU: 2% / day,34935.0,Quarterly,Paid,Auto-Debit
POL-1131,Tanvi Patel,1993-11-28,32,Male,"658, Banjara Hills, Pune",+91-8842650262,tanvi.patel71@example.com,PAN: ANSYX9700G,Individual,1,"POL-1131-M01 (Self, Age: 32, DOB: 1993-11-28)",None,Dengue (2022),Cataract Surgery (2022),None,Smoker (Daily),HLT-2026-757128,Senior Citizen Health,5000000,2024-05-24,2025-05-24,"In-patient hospitalization, Daycare procedures, AYUSH, Pre/Post Hospitalization","Cosmetic surgery, Pre-existing conditions (first 3 yrs)","30 days initial, 36 months for pre-existing",0,10%,No Sub-limits applied,133650.0,Quarterly,Pending,Credit Card
POL-1132,Rohan Verma,1981-02-02,45,Female,"476, Koramangala, Chandigarh",+91-9251068157,rohan.verma53@example.com,PAN: XZIXJ4087F,Family Floater,2,"POL-1132-M01 (Self, Age: 45, DOB: 1981-02-02) | POL-1132-M02 (Son, Age: 13, DOB: 2013-01-11)",None,Malaria (2019),C-Section (2020),None,Smoker (Occasional),HLT-2026-237579,Standard Health Guard,500000,2023-02-14,2024-02-14,"In-patient hospitalization, Daycare procedures, AYUSH, Pre/Post Hospitalization","Dental care (unless accident), Maternity (first 2 yrs)","30 days initial, 36 months for pre-existing",25000,20%,Room Rent: 1% of Sum Insured / day; ICU: 2% / day,18487.5,Monthly,Overdue,Net Banking
POL-1133,Aditya Agarwal,1959-04-21,67,Male,"687, Park Street, Mumbai",+91-7207167992,aditya.agarwal98@example.com,Aadhaar: 7828-8279-7230,Individual,1,"POL-1133-M01 (Self, Age: 67, DOB: 1959-04-21)",None,Dengue (2022),Cataract Surgery (2022),None,Active / Athlete,HLT-2026-597440,Standard Health Guard,5000000,2023-11-10,2024-11-09,"In-patient hospitalization, Daycare procedures, AYUSH, Pre/Post Hospitalization","Dental care (unless accident), Maternity (first 2 yrs)","30 days initial, 36 months for pre-existing",10000,20%,Room Rent: 1% of Sum Insured / day; ICU: 2% / day,169087.5,Quarterly,Overdue,Net Banking
POL-1134,Divya Bhat,1992-07-29,34,Male,"860, Park Street, Jaipur",+91-9652992543,divya.bhat25@example.com,PAN: CCFFG9571G,Family Floater,4,"POL-1134-M01 (Self, Age: 34, DOB: 1992-07-29) | POL-1134-M02 (Father, Age: 74, DOB: 1951-08-17) | POL-1134-M03 (Son, Age: 17, DOB: 2008-11-18) | POL-1134-M04 (Mother, Age: 70, DOB: 1956-02-19)",None,Dengue (2022),None,None,"Non-smoker, Non-drinker",HLT-2026-821634,Standard Health Guard,1500000,2024-11-08,2025-11-08,"In-patient hospitalization, Daycare procedures, AYUSH, Pre/Post Hospitalization","Cosmetic surgery, Pre-existing conditions (first 3 yrs)","30 days initial, 36 months for pre-existing",25000,20%,"Cataract: Max 50,000 per eye; Knee Replacement: Max 200,000",72360.0,Annual,Paid,UPI
POL-1135,Shweta Gupta,1975-09-27,50,Female,"477, Indiranagar, Chennai",+91-8994056084,shweta.gupta16@example.com,Aadhaar: 3862-1646-5760,Family Floater,4,"POL-1135-M01 (Self, Age: 50, DOB: 1975-09-27) | POL-1135-M02 (Daughter, Age: 9, DOB: 2017-07-21) | POL-1135-M03 (Spouse, Age: 54, DOB: 1972-01-25) | POL-1135-M04 (Son, Age: 18, DOB: 2008-03-20)",None,Covid-19 Pneumonia (2021),Gallbladder Removal (2021),None,Alcohol (Social),HLT-2026-795578,Super Top-Up Plan,5000000,2023-12-16,2024-12-15,"In-patient hospitalization, Daycare procedures, AYUSH, Pre/Post Hospitalization","Dental care (unless accident), Maternity (first 2 yrs)","30 days initial, 36 months for pre-existing",25000,0%,"Cataract: Max 50,000 per eye; Knee Replacement: Max 200,000",270000.0,Monthly,Paid,UPI
POL-1136,Rajesh Iyer,1979-05-22,47,Female,"865, Banjara Hills, Ahmedabad",+91-8811358735,rajesh.iyer93@example.com,Aadhaar: 2852-3171-1960,Individual,1,"POL-1136-M01 (Self, Age: 47, DOB: 1979-05-22)",Mild Obesity,Dengue (2022),C-Section (2020),Levothyroxine 50mcg,Alcohol (Social),HLT-2026-941235,Senior Citizen Health,2500000,2025-06-16,2026-06-16,"In-patient hospitalization, Daycare procedures, AYUSH, Pre/Post Hospitalization","Self-inflicted injuries, Hazardous sports, Weight loss treatments","30 days initial, 36 months for pre-existing",0,20%,No Sub-limits applied,74418.75,Annual,Pending,Auto-Debit
POL-1137,Priya Kulkarni,1959-02-15,67,Female,"74, Indiranagar, Kolkata",+91-7053086688,priya.kulkarni96@example.com,Passport: Y4757843,Family Floater,4,"POL-1137-M01 (Self, Age: 67, DOB: 1959-02-15) | POL-1137-M02 (Mother, Age: 66, DOB: 1960-06-09) | POL-1137-M03 (Spouse, Age: 33, DOB: 1992-11-07) | POL-1137-M04 (Father, Age: 65, DOB: 1961-04-19)",Asthma,None,Cataract Surgery (2022),Levothyroxine 50mcg,Smoker (Occasional),HLT-2026-255875,Super Top-Up Plan,2500000,2023-04-22,2024-04-21,"In-patient hospitalization, Daycare procedures, AYUSH, Pre/Post Hospitalization","Dental care (unless accident), Maternity (first 2 yrs)","30 days initial, 36 months for pre-existing",10000,0%,Room Rent: 1% of Sum Insured / day; ICU: 2% / day,150300.0,Monthly,Pending,Credit Card
POL-1138,Amit Joshi,2000-06-24,26,Male,"238, Koramangala, Pune",+91-8732061472,amit.joshi40@example.com,Aadhaar: 8521-8277-8341,Individual,1,"POL-1138-M01 (Self, Age: 26, DOB: 2000-06-24)",None,Typhoid (2020),Cataract Surgery (2022),None,Active / Athlete,HLT-2026-568784,Standard Health Guard,1000000,2023-09-01,2024-08-31,"In-patient hospitalization, Daycare procedures, AYUSH, Pre/Post Hospitalization","Cosmetic surgery, Pre-existing conditions (first 3 yrs)","30 days initial, 36 months for pre-existing",10000,10%,Room Rent: 1% of Sum Insured / day; ICU: 2% / day,25515.0,Quarterly,Overdue,UPI
POL-1139,Nikhil Patel,2000-08-09,26,Female,"585, Gachibowli, Ahmedabad",+91-8463957634,nikhil.patel56@example.com,Aadhaar: 4652-8445-6439,Family Floater,4,"POL-1139-M01 (Self, Age: 26, DOB: 2000-08-09) | POL-1139-M02 (Daughter, Age: 8, DOB: 2018-02-24) | POL-1139-M03 (Spouse, Age: 75, DOB: 1951-02-04) | POL-1139-M04 (Mother, Age: 76, DOB: 1949-12-22)",Asthma,Pneumonia (2023),None,Inhaler as needed,"Non-smoker, Non-drinker",HLT-2026-674295,Comprehensive Family Care,2500000,2025-02-04,2026-02-04,"In-patient hospitalization, Daycare procedures, AYUSH, Pre/Post Hospitalization","Dental care (unless accident), Maternity (first 2 yrs)","30 days initial, 36 months for pre-existing",0,20%,No Sub-limits applied,113400.0,Quarterly,Pending,UPI
POL-1140,Rahul Bhat,1971-10-29,54,Male,"133, Banjara Hills, Hyderabad",+91-8962997637,rahul.bhat34@example.com,Passport: K2808009,Family Floater,2,"POL-1140-M01 (Self, Age: 54, DOB: 1971-10-29) | POL-1140-M02 (Mother, Age: 78, DOB: 1947-10-07)",None,Dengue (2022),ACL Reconstruction (2019),None,"Non-smoker, Non-drinker",HLT-2026-572388,Super Top-Up Plan,1500000,2025-10-29,2026-10-29,"In-patient hospitalization, Daycare procedures, AYUSH, Pre/Post Hospitalization","Self-inflicted injuries, Hazardous sports, Weight loss treatments","30 days initial, 36 months for pre-existing",0,20%,"Cataract: Max 50,000 per eye; Knee Replacement: Max 200,000",58905.0,Quarterly,Pending,Credit Card
POL-1141,Manoj Jain,1966-07-08,60,Male,"116, Banjara Hills, Chandigarh",+91-9603440682,manoj.jain51@example.com,Passport: M8024028,Individual,1,"POL-1141-M01 (Self, Age: 60, DOB: 1966-07-08)",Asthma,Typhoid (2020),C-Section (2020),Inhaler as needed,Active / Athlete,HLT-2026-574843,Super Top-Up Plan,500000,2023-10-10,2024-10-09,"In-patient hospitalization, Daycare procedures, AYUSH, Pre/Post Hospitalization","Dental care (unless accident), Maternity (first 2 yrs)","30 days initial, 36 months for pre-existing",25000,20%,"Cataract: Max 50,000 per eye; Knee Replacement: Max 200,000",16200.0,Quarterly,Overdue,Credit Card
POL-1142,Siddharth Singh,1985-12-23,40,Female,"953, Station Road, Bengaluru",+91-9164205833,siddharth.singh79@example.com,Passport: U6408662,Individual,1,"POL-1142-M01 (Self, Age: 40, DOB: 1985-12-23)",None,Pneumonia (2023),Cataract Surgery (2022),None,Sedentary lifestyle,HLT-2026-689593,Senior Citizen Health,1500000,2025-05-04,2026-05-04,"In-patient hospitalization, Daycare procedures, AYUSH, Pre/Post Hospitalization","Dental care (unless accident), Maternity (first 2 yrs)","30 days initial, 36 months for pre-existing",0,20%,Room Rent: 1% of Sum Insured / day; ICU: 2% / day,42525.0,Annual,Pending,Credit Card
POL-1143,Ananya Verma,1978-12-14,47,Male,"778, Station Road, Chennai",+91-9935139119,ananya.verma42@example.com,Aadhaar: 2016-5835-4342,Individual,1,"POL-1143-M01 (Self, Age: 47, DOB: 1978-12-14)",None,Pneumonia (2023),Cataract Surgery (2022),None,Sedentary lifestyle,HLT-2026-574579,Critical Illness Cover,300000,2024-04-04,2025-04-04,"In-patient hospitalization, Daycare procedures, AYUSH, Pre/Post Hospitalization","Cosmetic surgery, Pre-existing conditions (first 3 yrs)","30 days initial, 36 months for pre-existing",25000,20%,"Cataract: Max 50,000 per eye; Knee Replacement: Max 200,000",8930.25,Quarterly,Overdue,UPI
POL-1144,Nisha Iyer,1992-05-16,34,Female,"989, Connaught Place, Jaipur",+91-7231078662,nisha.iyer11@example.com,Passport: I4407238,Family Floater,2,"POL-1144-M01 (Self, Age: 34, DOB: 1992-05-16) | POL-1144-M02 (Daughter, Age: 5, DOB: 2021-03-13)",None,Covid-19 Pneumonia (2021),ACL Reconstruction (2019),None,Smoker (Occasional),HLT-2026-732697,Standard Health Guard,500000,2024-02-01,2025-01-31,"In-patient hospitalization, Daycare procedures, AYUSH, Pre/Post Hospitalization","Cosmetic surgery, Pre-existing conditions (first 3 yrs)","30 days initial, 36 months for pre-existing",0,20%,No Sub-limits applied,17085.0,Annual,Pending,UPI
POL-1145,Meera Joshi,1966-09-02,59,Female,"174, Civil Lines, Chennai",+91-7024245671,meera.joshi52@example.com,PAN: SEDIB5934P,Family Floater,2,"POL-1145-M01 (Self, Age: 59, DOB: 1966-09-02) | POL-1145-M02 (Daughter, Age: 6, DOB: 2019-10-14)",Hypertension,Typhoid (2020),C-Section (2020),Atorvastatin 10mg daily,Sedentary lifestyle,HLT-2026-171488,Critical Illness Cover,2500000,2023-11-23,2024-11-22,"In-patient hospitalization, Daycare procedures, AYUSH, Pre/Post Hospitalization","Cosmetic surgery, Pre-existing conditions (first 3 yrs)","30 days initial, 36 months for pre-existing",10000,0%,Room Rent: 1% of Sum Insured / day; ICU: 2% / day,101362.5,Quarterly,Pending,Net Banking
POL-1146,Sneha Nair,2002-08-05,24,Male,"496, Koramangala, Mumbai",+91-7492727022,sneha.nair95@example.com,PAN: LXPQY6258M,Individual,1,"POL-1146-M01 (Self, Age: 24, DOB: 2002-08-05)",None,None,C-Section (2020),None,Smoker (Daily),HLT-2026-666479,Super Top-Up Plan,5000000,2024-08-02,2025-08-02,"In-patient hospitalization, Daycare procedures, AYUSH, Pre/Post Hospitalization","Self-inflicted injuries, Hazardous sports, Weight loss treatments","30 days initial, 36 months for pre-existing",10000,10%,Room Rent: 1% of Sum Insured / day; ICU: 2% / day,125550.0,Monthly,Overdue,Credit Card
POL-1147,Amit Banerjee,1963-08-11,63,Male,"181, Koramangala, Jaipur",+91-7031484632,amit.banerjee90@example.com,Aadhaar: 4453-4492-7950,Individual,1,"POL-1147-M01 (Self, Age: 63, DOB: 1963-08-11)",Arthritis,None,ACL Reconstruction (2019),Levothyroxine 50mcg,Active / Athlete,HLT-2026-777968,Senior Citizen Health,300000,2023-11-11,2024-11-10,"In-patient hospitalization, Daycare procedures, AYUSH, Pre/Post Hospitalization","Cosmetic surgery, Pre-existing conditions (first 3 yrs)","30 days initial, 36 months for pre-existing",0,0%,Room Rent: 1% of Sum Insured / day; ICU: 2% / day,9902.25,Annual,Pending,UPI
POL-1148,Sanjay Reddy,1991-07-28,35,Female,"407, Juhu Road, Pune",+91-8859828364,sanjay.reddy50@example.com,Aadhaar: 7381-2938-9762,Individual,1,"POL-1148-M01 (Self, Age: 35, DOB: 1991-07-28)",None,Pneumonia (2023),None,None,Smoker (Daily),HLT-2026-748386,Super Top-Up Plan,300000,2023-04-04,2024-04-03,"In-patient hospitalization, Daycare procedures, AYUSH, Pre/Post Hospitalization","Cosmetic surgery, Pre-existing conditions (first 3 yrs)","30 days initial, 36 months for pre-existing",10000,20%,"Cataract: Max 50,000 per eye; Knee Replacement: Max 200,000",8201.25,Quarterly,Paid,Net Banking
POL-1149,Aditya Deshmukh,1990-06-13,36,Female,"851, MG Road, Ahmedabad",+91-7671404204,aditya.deshmukh78@example.com,Aadhaar: 3234-7406-9941,Family Floater,4,"POL-1149-M01 (Self, Age: 36, DOB: 1990-06-13) | POL-1149-M02 (Son, Age: 11, DOB: 2014-09-07) | POL-1149-M03 (Father, Age: 81, DOB: 1945-04-02) | POL-1149-M04 (Mother, Age: 61, DOB: 1964-08-15)",None,Malaria (2019),C-Section (2020),None,Alcohol (Social),HLT-2026-229221,Super Top-Up Plan,300000,2023-01-11,2024-01-11,"In-patient hospitalization, Daycare procedures, AYUSH, Pre/Post Hospitalization","Self-inflicted injuries, Hazardous sports, Weight loss treatments","30 days initial, 36 months for pre-existing",0,10%,Room Rent: 1% of Sum Insured / day; ICU: 2% / day,14688.0,Quarterly,Overdue,Net Banking
POL-1150,Siddharth Kulkarni,1969-06-10,57,Male,"198, Gachibowli, Chandigarh",+91-8085517692,siddharth.kulkarni34@example.com,Aadhaar: 3971-1891-9992,Family Floater,4,"POL-1150-M01 (Self, Age: 57, DOB: 1969-06-10) | POL-1150-M02 (Mother, Age: 79, DOB: 1946-08-23) | POL-1150-M03 (Daughter, Age: 3, DOB: 2023-01-24) | POL-1150-M04 (Spouse, Age: 45, DOB: 1980-10-23)",High Cholesterol,Dengue (2022),Cataract Surgery (2022),Atorvastatin 10mg daily,Active / Athlete,HLT-2026-610856,Comprehensive Family Care,1000000,2025-01-01,2026-01-01,"In-patient hospitalization, Daycare procedures, AYUSH, Pre/Post Hospitalization","Cosmetic surgery, Pre-existing conditions (first 3 yrs)","30 days initial, 36 months for pre-existing",10000,20%,Room Rent: 1% of Sum Insured / day; ICU: 2% / day,56520.0,Annual,Pending,Auto-Debit
POL-1151,Suresh Shah,1968-09-02,57,Female,"589, Civil Lines, Kolkata",+91-8358640560,suresh.shah64@example.com,Aadhaar: 1079-6131-5033,Individual,1,"POL-1151-M01 (Self, Age: 57, DOB: 1968-09-02)",None,Covid-19 Pneumonia (2021),Appendectomy (2018),None,Active / Athlete,HLT-2026-771967,Senior Citizen Health,1500000,2024-07-20,2025-07-20,"In-patient hospitalization, Daycare procedures, AYUSH, Pre/Post Hospitalization","Dental care (unless accident), Maternity (first 2 yrs)","30 days initial, 36 months for pre-existing",10000,10%,"Cataract: Max 50,000 per eye; Knee Replacement: Max 200,000",47688.75,Monthly,Pending,UPI
POL-1152,Neha Bhat,1980-03-05,46,Male,"889, Station Road, Jaipur",+91-7843668735,neha.bhat43@example.com,Passport: U2282825,Individual,1,"POL-1152-M01 (Self, Age: 46, DOB: 1980-03-05)",None,Malaria (2019),C-Section (2020),None,Alcohol (Social),HLT-2026-990856,Super Top-Up Plan,2500000,2023-03-05,2024-03-04,"In-patient hospitalization, Daycare procedures, AYUSH, Pre/Post Hospitalization","Cosmetic surgery, Pre-existing conditions (first 3 yrs)","30 days initial, 36 months for pre-existing",0,20%,"Cataract: Max 50,000 per eye; Knee Replacement: Max 200,000",73912.5,Quarterly,Overdue,Auto-Debit
POL-1153,Karan Rao,1990-03-19,36,Female,"238, Civil Lines, Chennai",+91-7575015625,karan.rao69@example.com,Passport: Q2519244,Family Floater,3,"POL-1153-M01 (Self, Age: 36, DOB: 1990-03-19) | POL-1153-M02 (Mother, Age: 81, DOB: 1945-03-28) | POL-1153-M03 (Son, Age: 4, DOB: 2021-10-09)",None,Typhoid (2020),Appendectomy (2018),None,Smoker (Occasional),HLT-2026-893988,Super Top-Up Plan,2500000,2023-10-15,2024-10-14,"In-patient hospitalization, Daycare procedures, AYUSH, Pre/Post Hospitalization","Self-inflicted injuries, Hazardous sports, Weight loss treatments","30 days initial, 36 months for pre-existing",25000,0%,No Sub-limits applied,104550.0,Quarterly,Pending,Net Banking
POL-1154,Ananya Reddy,1975-10-16,50,Female,"74, Indiranagar, Kolkata",+91-8005102559,ananya.reddy15@example.com,Passport: G9688672,Family Floater,3,"POL-1154-M01 (Self, Age: 50, DOB: 1975-10-16) | POL-1154-M02 (Father, Age: 61, DOB: 1965-08-03) | POL-1154-M03 (Mother, Age: 61, DOB: 1964-10-09)",High Cholesterol,Pneumonia (2023),Gallbladder Removal (2021),Inhaler as needed,Active / Athlete,HLT-2026-208239,Senior Citizen Health,5000000,2025-12-03,2026-12-03,"In-patient hospitalization, Daycare procedures, AYUSH, Pre/Post Hospitalization","Self-inflicted injuries, Hazardous sports, Weight loss treatments","30 days initial, 36 months for pre-existing",25000,20%,Room Rent: 1% of Sum Insured / day; ICU: 2% / day,230625.0,Monthly,Overdue,Auto-Debit
POL-1155,Sneha Jain,2001-05-09,25,Male,"267, Banjara Hills, Hyderabad",+91-9217799930,sneha.jain61@example.com,PAN: VIUXA3276O,Individual,1,"POL-1155-M01 (Self, Age: 25, DOB: 2001-05-09)",Mild Obesity,Dengue (2022),Gallbladder Removal (2021),Inhaler as needed,Sedentary lifestyle,HLT-2026-321791,Standard Health Guard,500000,2024-01-18,2025-01-17,"In-patient hospitalization, Daycare procedures, AYUSH, Pre/Post Hospitalization","Self-inflicted injuries, Hazardous sports, Weight loss treatments","30 days initial, 36 months for pre-existing",0,10%,"Cataract: Max 50,000 per eye; Knee Replacement: Max 200,000",12656.25,Quarterly,Paid,Auto-Debit
POL-1156,Ishita Chowdhury,1973-11-26,52,Female,"614, Station Road, Pune",+91-7096405016,ishita.chowdhury41@example.com,Aadhaar: 3095-3639-3207,Individual,1,"POL-1156-M01 (Self, Age: 52, DOB: 1973-11-26)",None,Covid-19 Pneumonia (2021),Appendectomy (2018),None,Sedentary lifestyle,HLT-2026-253999,Critical Illness Cover,300000,2023-12-07,2024-12-06,"In-patient hospitalization, Daycare procedures, AYUSH, Pre/Post Hospitalization","Self-inflicted injuries, Hazardous sports, Weight loss treatments","30 days initial, 36 months for pre-existing",25000,20%,Room Rent: 1% of Sum Insured / day; ICU: 2% / day,9234.0,Quarterly,Overdue,Net Banking
POL-1157,Rohan Singh,1997-04-17,29,Female,"898, Juhu Road, Bengaluru",+91-7942160389,rohan.singh62@example.com,Passport: E4051509,Family Floater,2,"POL-1157-M01 (Self, Age: 29, DOB: 1997-04-17) | POL-1157-M02 (Daughter, Age: 8, DOB: 2018-03-03)",None,Typhoid (2020),Appendectomy (2018),None,"Non-smoker, Non-drinker",HLT-2026-172187,Standard Health Guard,500000,2025-02-13,2026-02-13,"In-patient hospitalization, Daycare procedures, AYUSH, Pre/Post Hospitalization","Cosmetic surgery, Pre-existing conditions (first 3 yrs)","30 days initial, 36 months for pre-existing",25000,20%,No Sub-limits applied,16447.5,Monthly,Paid,UPI
POL-1158,Neha Chowdhury,2002-09-04,23,Male,"525, Park Street, Delhi",+91-9071209024,neha.chowdhury94@example.com,Aadhaar: 9835-1019-8069,Family Floater,3,"POL-1158-M01 (Self, Age: 23, DOB: 2002-09-04) | POL-1158-M02 (Spouse, Age: 72, DOB: 1953-11-29) | POL-1158-M03 (Mother, Age: 76, DOB: 1950-02-23)",None,Malaria (2019),Cataract Surgery (2022),None,Active / Athlete,HLT-2026-605543,Super Top-Up Plan,1500000,2024-12-18,2025-12-18,"In-patient hospitalization, Daycare procedures, AYUSH, Pre/Post Hospitalization","Cosmetic surgery, Pre-existing conditions (first 3 yrs)","30 days initial, 36 months for pre-existing",10000,0%,"Cataract: Max 50,000 per eye; Knee Replacement: Max 200,000",56733.75,Monthly,Paid,UPI
POL-1159,Kavya Bhat,1978-02-16,48,Female,"203, MG Road, Mumbai",+91-9482435875,kavya.bhat76@example.com,Aadhaar: 9515-1117-7144,Individual,1,"POL-1159-M01 (Self, Age: 48, DOB: 1978-02-16)",None,None,Appendectomy (2018),None,Alcohol (Social),HLT-2026-431246,Super Top-Up Plan,1500000,2025-01-11,2026-01-11,"In-patient hospitalization, Daycare procedures, AYUSH, Pre/Post Hospitalization","Dental care (unless accident), Maternity (first 2 yrs)","30 days initial, 36 months for pre-existing",10000,20%,"Cataract: Max 50,000 per eye; Knee Replacement: Max 200,000",44955.0,Quarterly,Pending,Net Banking
POL-1160,Ishita Iyer,1992-01-27,34,Male,"575, Koramangala, Ahmedabad",+91-7767594840,ishita.iyer57@example.com,Passport: R9116148,Family Floater,3,"POL-1160-M01 (Self, Age: 34, DOB: 1992-01-27) | POL-1160-M02 (Mother, Age: 73, DOB: 1952-09-21) | POL-1160-M03 (Father, Age: 65, DOB: 1961-07-03)",Arthritis,Pneumonia (2023),Appendectomy (2018),Metformin 500mg daily,"Non-smoker, Non-drinker",HLT-2026-884140,Comprehensive Family Care,500000,2025-07-03,2026-07-03,"In-patient hospitalization, Daycare procedures, AYUSH, Pre/Post Hospitalization","Self-inflicted injuries, Hazardous sports, Weight loss treatments","30 days initial, 36 months for pre-existing",10000,10%,No Sub-limits applied,20602.5,Quarterly,Overdue,UPI
POL-1161,Neha Iyer,1963-03-04,63,Male,"853, Station Road, Ahmedabad",+91-9578034538,neha.iyer65@example.com,Aadhaar: 2049-5310-4633,Family Floater,2,"POL-1161-M01 (Self, Age: 63, DOB: 1963-03-04) | POL-1161-M02 (Mother, Age: 80, DOB: 1945-11-06)",None,Covid-19 Pneumonia (2021),Cataract Surgery (2022),None,Sedentary lifestyle,HLT-2026-520106,Standard Health Guard,2500000,2025-12-03,2026-12-03,"In-patient hospitalization, Daycare procedures, AYUSH, Pre/Post Hospitalization","Cosmetic surgery, Pre-existing conditions (first 3 yrs)","30 days initial, 36 months for pre-existing",25000,10%,"Cataract: Max 50,000 per eye; Knee Replacement: Max 200,000",103912.5,Annual,Paid,Net Banking
POL-1162,Siddharth Verma,1970-03-16,56,Male,"700, MG Road, Kolkata",+91-8027599387,siddharth.verma93@example.com,Aadhaar: 3579-2422-5520,Family Floater,3,"POL-1162-M01 (Self, Age: 56, DOB: 1970-03-16) | POL-1162-M02 (Father, Age: 72, DOB: 1954-02-04) | POL-1162-M03 (Son, Age: 7, DOB: 2019-08-12)",High Cholesterol,Pneumonia (2023),C-Section (2020),Metformin 500mg daily,Sedentary lifestyle,HLT-2026-194545,Senior Citizen Health,2500000,2024-08-05,2025-08-05,"In-patient hospitalization, Daycare procedures, AYUSH, Pre/Post Hospitalization","Dental care (unless accident), Maternity (first 2 yrs)","30 days initial, 36 months for pre-existing",10000,0%,No Sub-limits applied,119925.0,Annual,Pending,Auto-Debit
POL-1163,Sanjay Sharma,1970-09-14,55,Female,"426, Koramangala, Delhi",+91-9399300652,sanjay.sharma19@example.com,Passport: J6703681,Individual,1,"POL-1163-M01 (Self, Age: 55, DOB: 1970-09-14)",None,Pneumonia (2023),ACL Reconstruction (2019),None,Alcohol (Social),HLT-2026-370211,Super Top-Up Plan,2500000,2024-05-27,2025-05-27,"In-patient hospitalization, Daycare procedures, AYUSH, Pre/Post Hospitalization","Dental care (unless accident), Maternity (first 2 yrs)","30 days initial, 36 months for pre-existing",0,10%,"Cataract: Max 50,000 per eye; Knee Replacement: Max 200,000",78468.75,Quarterly,Pending,UPI
POL-1164,Sunita Gupta,1961-01-22,65,Female,"401, Gachibowli, Hyderabad",+91-8356052995,sunita.gupta62@example.com,PAN: NAVGC6603C,Individual,1,"POL-1164-M01 (Self, Age: 65, DOB: 1961-01-22)",None,Dengue (2022),Cataract Surgery (2022),None,Active / Athlete,HLT-2026-470711,Comprehensive Family Care,500000,2024-07-05,2025-07-05,"In-patient hospitalization, Daycare procedures, AYUSH, Pre/Post Hospitalization","Dental care (unless accident), Maternity (first 2 yrs)","30 days initial, 36 months for pre-existing",25000,0%,Room Rent: 1% of Sum Insured / day; ICU: 2% / day,16706.25,Quarterly,Paid,Net Banking
POL-1165,Siddharth Reddy,1977-05-27,49,Male,"866, Civil Lines, Kolkata",+91-7669995863,siddharth.reddy23@example.com,Aadhaar: 2285-9071-1108,Individual,1,"POL-1165-M01 (Self, Age: 49, DOB: 1977-05-27)",None,Typhoid (2020),C-Section (2020),None,Smoker (Daily),HLT-2026-489227,Critical Illness Cover,2500000,2024-10-07,2025-10-07,"In-patient hospitalization, Daycare procedures, AYUSH, Pre/Post Hospitalization","Cosmetic surgery, Pre-existing conditions (first 3 yrs)","30 days initial, 36 months for pre-existing",25000,10%,"Cataract: Max 50,000 per eye; Knee Replacement: Max 200,000",75431.25,Annual,Overdue,Credit Card
POL-1166,Ananya Banerjee,1997-11-29,28,Female,"972, Koramangala, Mumbai",+91-9158114593,ananya.banerjee54@example.com,PAN: WULDN6171W,Individual,1,"POL-1166-M01 (Self, Age: 28, DOB: 1997-11-29)",Hypertension,Covid-19 Pneumonia (2021),C-Section (2020),Levothyroxine 50mcg,Smoker (Daily),HLT-2026-709231,Comprehensive Family Care,300000,2024-10-28,2025-10-28,"In-patient hospitalization, Daycare procedures, AYUSH, Pre/Post Hospitalization","Self-inflicted injuries, Hazardous sports, Weight loss treatments","30 days initial, 36 months for pre-existing",10000,0%,"Cataract: Max 50,000 per eye; Knee Replacement: Max 200,000",7776.0,Monthly,Overdue,Net Banking
POL-1167,Sneha Kumar,1993-01-12,33,Female,"225, Banjara Hills, Kolkata",+91-8567998012,sneha.kumar61@example.com,PAN: LOZRV5422Z,Individual,1,"POL-1167-M01 (Self, Age: 33, DOB: 1993-01-12)",None,Dengue (2022),Cataract Surgery (2022),None,Smoker (Occasional),HLT-2026-997904,Critical Illness Cover,1500000,2024-02-06,2025-02-05,"In-patient hospitalization, Daycare procedures, AYUSH, Pre/Post Hospitalization","Cosmetic surgery, Pre-existing conditions (first 3 yrs)","30 days initial, 36 months for pre-existing",0,10%,"Cataract: Max 50,000 per eye; Knee Replacement: Max 200,000",40398.75,Annual,Overdue,Net Banking
POL-1168,Tanvi Chowdhury,1977-07-07,49,Female,"585, Civil Lines, Mumbai",+91-8711123163,tanvi.chowdhury22@example.com,Passport: F2007243,Individual,1,"POL-1168-M01 (Self, Age: 49, DOB: 1977-07-07)",None,Typhoid (2020),Cataract Surgery (2022),None,Smoker (Daily),HLT-2026-599687,Senior Citizen Health,5000000,2023-07-17,2024-07-16,"In-patient hospitalization, Daycare procedures, AYUSH, Pre/Post Hospitalization","Dental care (unless accident), Maternity (first 2 yrs)","30 days initial, 36 months for pre-existing",10000,20%,No Sub-limits applied,150862.5,Monthly,Pending,UPI
POL-1169,Meera Gupta,1972-11-06,53,Female,"600, Civil Lines, Jaipur",+91-7749638562,meera.gupta46@example.com,PAN: INULC5694O,Individual,1,"POL-1169-M01 (Self, Age: 53, DOB: 1972-11-06)",None,Pneumonia (2023),C-Section (2020),None,Sedentary lifestyle,HLT-2026-771697,Critical Illness Cover,1000000,2025-05-13,2026-05-13,"In-patient hospitalization, Daycare procedures, AYUSH, Pre/Post Hospitalization","Cosmetic surgery, Pre-existing conditions (first 3 yrs)","30 days initial, 36 months for pre-existing",0,0%,"Cataract: Max 50,000 per eye; Knee Replacement: Max 200,000",30982.5,Annual,Pending,Net Banking
POL-1170,Karan Nair,1990-06-24,36,Female,"287, Juhu Road, Kolkata",+91-9520801229,karan.nair76@example.com,PAN: KEASR2311G,Individual,1,"POL-1170-M01 (Self, Age: 36, DOB: 1990-06-24)",None,Malaria (2019),None,None,"Non-smoker, Non-drinker",HLT-2026-200195,Critical Illness Cover,300000,2025-08-27,2026-08-27,"In-patient hospitalization, Daycare procedures, AYUSH, Pre/Post Hospitalization","Self-inflicted injuries, Hazardous sports, Weight loss treatments","30 days initial, 36 months for pre-existing",0,0%,"Cataract: Max 50,000 per eye; Knee Replacement: Max 200,000",8262.0,Quarterly,Paid,UPI
POL-1171,Karan Iyer,1975-07-30,51,Female,"263, Indiranagar, Ahmedabad",+91-9690714075,karan.iyer26@example.com,Aadhaar: 9630-3795-1468,Individual,1,"POL-1171-M01 (Self, Age: 51, DOB: 1975-07-30)",None,Malaria (2019),Gallbladder Removal (2021),None,Sedentary lifestyle,HLT-2026-440998,Critical Illness Cover,1500000,2025-08-14,2026-08-14,"In-patient hospitalization, Daycare procedures, AYUSH, Pre/Post Hospitalization","Cosmetic surgery, Pre-existing conditions (first 3 yrs)","30 days initial, 36 months for pre-existing",25000,20%,Room Rent: 1% of Sum Insured / day; ICU: 2% / day,45866.25,Quarterly,Overdue,Auto-Debit
POL-1172,Karan Jain,2001-12-17,24,Female,"665, Koramangala, Chennai",+91-8491076495,karan.jain71@example.com,Passport: H2502467,Family Floater,3,"POL-1172-M01 (Self, Age: 24, DOB: 2001-12-17) | POL-1172-M02 (Daughter, Age: 9, DOB: 2017-03-30) | POL-1172-M03 (Father, Age: 78, DOB: 1948-06-29)",Type 2 Diabetes,Covid-19 Pneumonia (2021),ACL Reconstruction (2019),Atorvastatin 10mg daily,Sedentary lifestyle,HLT-2026-954987,Standard Health Guard,500000,2024-12-05,2025-12-05,"In-patient hospitalization, Daycare procedures, AYUSH, Pre/Post Hospitalization","Self-inflicted injuries, Hazardous sports, Weight loss treatments","30 days initial, 36 months for pre-existing",10000,10%,"Cataract: Max 50,000 per eye; Knee Replacement: Max 200,000",19065.0,Annual,Pending,Net Banking
POL-1173,Divya Reddy,1988-07-09,38,Male,"203, Banjara Hills, Jaipur",+91-8877357553,divya.reddy60@example.com,Aadhaar: 3675-7385-7199,Individual,1,"POL-1173-M01 (Self, Age: 38, DOB: 1988-07-09)",Thyroid Disorder,Covid-19 Pneumonia (2021),Cataract Surgery (2022),Amlodipine 5mg daily,Active / Athlete,HLT-2026-641704,Super Top-Up Plan,2500000,2024-07-10,2025-07-10,"In-patient hospitalization, Daycare procedures, AYUSH, Pre/Post Hospitalization","Dental care (unless accident), Maternity (first 2 yrs)","30 days initial, 36 months for pre-existing",10000,0%,Room Rent: 1% of Sum Insured / day; ICU: 2% / day,69862.5,Annual,Paid,Net Banking
POL-1174,Priya Deshmukh,1979-06-01,47,Female,"727, Civil Lines, Ahmedabad",+91-7806549529,priya.deshmukh51@example.com,Aadhaar: 3492-1813-9764,Individual,1,"POL-1174-M01 (Self, Age: 47, DOB: 1979-06-01)",Type 2 Diabetes,Pneumonia (2023),None,Inhaler as needed,Smoker (Occasional),HLT-2026-382271,Standard Health Guard,500000,2025-06-16,2026-06-16,"In-patient hospitalization, Daycare procedures, AYUSH, Pre/Post Hospitalization","Cosmetic surgery, Pre-existing conditions (first 3 yrs)","30 days initial, 36 months for pre-existing",0,10%,Room Rent: 1% of Sum Insured / day; ICU: 2% / day,14883.75,Monthly,Pending,Net Banking
POL-1175,Tanvi Chowdhury,1996-08-07,30,Female,"723, MG Road, Kolkata",+91-7344555557,tanvi.chowdhury28@example.com,Aadhaar: 5366-7429-2169,Family Floater,2,"POL-1175-M01 (Self, Age: 30, DOB: 1996-08-07) | POL-1175-M02 (Son, Age: 13, DOB: 2013-08-10)",None,Pneumonia (2023),Appendectomy (2018),None,Alcohol (Social),HLT-2026-968485,Critical Illness Cover,300000,2023-09-07,2024-09-06,"In-patient hospitalization, Daycare procedures, AYUSH, Pre/Post Hospitalization","Cosmetic surgery, Pre-existing conditions (first 3 yrs)","30 days initial, 36 months for pre-existing",25000,0%,Room Rent: 1% of Sum Insured / day; ICU: 2% / day,9945.0,Monthly,Overdue,UPI
POL-1176,Arjun Singh,1989-11-28,36,Female,"707, Indiranagar, Kolkata",+91-7681230929,arjun.singh90@example.com,Passport: B9739692,Individual,1,"POL-1176-M01 (Self, Age: 36, DOB: 1989-11-28)",High Cholesterol,Pneumonia (2023),Appendectomy (2018),Inhaler as needed,"Non-smoker, Non-drinker",HLT-2026-308376,Comprehensive Family Care,1000000,2023-04-17,2024-04-16,"In-patient hospitalization, Daycare procedures, AYUSH, Pre/Post Hospitalization","Self-inflicted injuries, Hazardous sports, Weight loss treatments","30 days initial, 36 months for pre-existing",10000,10%,Room Rent: 1% of Sum Insured / day; ICU: 2% / day,27540.0,Annual,Pending,UPI
POL-1177,Rajesh Reddy,1958-10-08,67,Male,"605, Juhu Road, Chandigarh",+91-7665685329,rajesh.reddy57@example.com,Aadhaar: 5075-3583-9190,Individual,1,"POL-1177-M01 (Self, Age: 67, DOB: 1958-10-08)",None,None,Gallbladder Removal (2021),None,Active / Athlete,HLT-2026-454861,Comprehensive Family Care,5000000,2023-05-03,2024-05-02,"In-patient hospitalization, Daycare procedures, AYUSH, Pre/Post Hospitalization","Self-inflicted injuries, Hazardous sports, Weight loss treatments","30 days initial, 36 months for pre-existing",25000,0%,Room Rent: 1% of Sum Insured / day; ICU: 2% / day,169087.5,Monthly,Paid,Net Banking
POL-1178,Ritu Mehta,1972-04-24,54,Female,"31, Banjara Hills, Kolkata",+91-7578670284,ritu.mehta42@example.com,Aadhaar: 8951-8168-5828,Family Floater,2,"POL-1178-M01 (Self, Age: 54, DOB: 1972-04-24) | POL-1178-M02 (Mother, Age: 77, DOB: 1949-03-09)",None,Covid-19 Pneumonia (2021),C-Section (2020),None,Sedentary lifestyle,HLT-2026-439403,Comprehensive Family Care,5000000,2025-08-17,2026-08-17,"In-patient hospitalization, Daycare procedures, AYUSH, Pre/Post Hospitalization","Cosmetic surgery, Pre-existing conditions (first 3 yrs)","30 days initial, 36 months for pre-existing",25000,0%,"Cataract: Max 50,000 per eye; Knee Replacement: Max 200,000",196350.0,Monthly,Pending,Net Banking
POL-1179,Suresh Sharma,1971-08-24,54,Female,"914, MG Road, Chandigarh",+91-8563691059,suresh.sharma89@example.com,Aadhaar: 6254-2037-9830,Family Floater,2,"POL-1179-M01 (Self, Age: 54, DOB: 1971-08-24) | POL-1179-M02 (Mother, Age: 66, DOB: 1960-04-28)",None,Covid-19 Pneumonia (2021),ACL Reconstruction (2019),None,Active / Athlete,HLT-2026-678255,Senior Citizen Health,500000,2024-08-02,2025-08-02,"In-patient hospitalization, Daycare procedures, AYUSH, Pre/Post Hospitalization","Cosmetic surgery, Pre-existing conditions (first 3 yrs)","30 days initial, 36 months for pre-existing",0,20%,No Sub-limits applied,19635.0,Annual,Paid,Credit Card
POL-1180,Neha Verma,1964-08-08,62,Male,"507, Gachibowli, Delhi",+91-7136653625,neha.verma83@example.com,Passport: M9219319,Family Floater,2,"POL-1180-M01 (Self, Age: 62, DOB: 1964-08-08) | POL-1180-M02 (Daughter, Age: 13, DOB: 2012-12-13)",None,Pneumonia (2023),ACL Reconstruction (2019),None,"Non-smoker, Non-drinker",HLT-2026-174316,Critical Illness Cover,300000,2024-03-03,2025-03-03,"In-patient hospitalization, Daycare procedures, AYUSH, Pre/Post Hospitalization","Self-inflicted injuries, Hazardous sports, Weight loss treatments","30 days initial, 36 months for pre-existing",0,10%,No Sub-limits applied,12393.0,Quarterly,Pending,Net Banking
POL-1181,Tanvi Verma,2002-06-17,24,Female,"51, Park Street, Chennai",+91-7334729865,tanvi.verma37@example.com,Passport: D2698275,Individual,1,"POL-1181-M01 (Self, Age: 24, DOB: 2002-06-17)",None,Pneumonia (2023),Appendectomy (2018),None,Sedentary lifestyle,HLT-2026-298663,Comprehensive Family Care,500000,2025-12-13,2026-12-13,"In-patient hospitalization, Daycare procedures, AYUSH, Pre/Post Hospitalization","Self-inflicted injuries, Hazardous sports, Weight loss treatments","30 days initial, 36 months for pre-existing",25000,20%,"Cataract: Max 50,000 per eye; Knee Replacement: Max 200,000",12555.0,Quarterly,Paid,Net Banking
POL-1182,Ishita Deshmukh,1964-05-04,62,Female,"180, Station Road, Jaipur",+91-8724674934,ishita.deshmukh74@example.com,PAN: RNPYX6319L,Family Floater,4,"POL-1182-M01 (Self, Age: 62, DOB: 1964-05-04) | POL-1182-M02 (Father, Age: 63, DOB: 1963-07-13) | POL-1182-M03 (Daughter, Age: 4, DOB: 2021-08-24) | POL-1182-M04 (Spouse, Age: 37, DOB: 1989-04-25)",None,Covid-19 Pneumonia (2021),ACL Reconstruction (2019),None,Alcohol (Social),HLT-2026-493282,Critical Illness Cover,2500000,2024-06-04,2025-06-04,"In-patient hospitalization, Daycare procedures, AYUSH, Pre/Post Hospitalization","Cosmetic surgery, Pre-existing conditions (first 3 yrs)","30 days initial, 36 months for pre-existing",25000,0%,"Cataract: Max 50,000 per eye; Knee Replacement: Max 200,000",145800.0,Quarterly,Paid,Credit Card
POL-1183,Alok Nair,1981-12-11,44,Male,"237, Gachibowli, Kolkata",+91-7093206686,alok.nair98@example.com,PAN: XNOOC8542L,Individual,1,"POL-1183-M01 (Self, Age: 44, DOB: 1981-12-11)",Asthma,Covid-19 Pneumonia (2021),None,Atorvastatin 10mg daily,Sedentary lifestyle,HLT-2026-361993,Critical Illness Cover,500000,2024-06-08,2025-06-08,"In-patient hospitalization, Daycare procedures, AYUSH, Pre/Post Hospitalization","Self-inflicted injuries, Hazardous sports, Weight loss treatments","30 days initial, 36 months for pre-existing",0,20%,Room Rent: 1% of Sum Insured / day; ICU: 2% / day,14580.0,Quarterly,Pending,Auto-Debit
POL-1184,Neha Chowdhury,1981-12-13,44,Male,"48, Civil Lines, Pune",+91-7337057834,neha.chowdhury17@example.com,PAN: JVKWW4714X,Individual,1,"POL-1184-M01 (Self, Age: 44, DOB: 1981-12-13)",None,Covid-19 Pneumonia (2021),C-Section (2020),None,"Non-smoker, Non-drinker",HLT-2026-762903,Senior Citizen Health,1500000,2023-04-21,2024-04-20,"In-patient hospitalization, Daycare procedures, AYUSH, Pre/Post Hospitalization","Self-inflicted injuries, Hazardous sports, Weight loss treatments","30 days initial, 36 months for pre-existing",25000,0%,"Cataract: Max 50,000 per eye; Knee Replacement: Max 200,000",43740.0,Quarterly,Overdue,Credit Card
POL-1185,Vikram Verma,1994-12-23,31,Female,"780, Civil Lines, Chandigarh",+91-9167796058,vikram.verma21@example.com,Aadhaar: 8076-5747-7460,Individual,1,"POL-1185-M01 (Self, Age: 31, DOB: 1994-12-23)",Type 2 Diabetes,Malaria (2019),ACL Reconstruction (2019),Levothyroxine 50mcg,Smoker (Daily),HLT-2026-699198,Standard Health Guard,5000000,2023-04-11,2024-04-10,"In-patient hospitalization, Daycare procedures, AYUSH, Pre/Post Hospitalization","Dental care (unless accident), Maternity (first 2 yrs)","30 days initial, 36 months for pre-existing",25000,10%,No Sub-limits applied,132637.5,Annual,Paid,Auto-Debit
POL-1186,Ritu Singh,1990-06-19,36,Female,"677, Civil Lines, Hyderabad",+91-9410196532,ritu.singh88@example.com,Passport: Q5131319,Individual,1,"POL-1186-M01 (Self, Age: 36, DOB: 1990-06-19)",Arthritis,None,Cataract Surgery (2022),Levothyroxine 50mcg,Alcohol (Social),HLT-2026-439121,Critical Illness Cover,5000000,2023-07-03,2024-07-02,"In-patient hospitalization, Daycare procedures, AYUSH, Pre/Post Hospitalization","Dental care (unless accident), Maternity (first 2 yrs)","30 days initial, 36 months for pre-existing",10000,0%,"Cataract: Max 50,000 per eye; Knee Replacement: Max 200,000",137700.0,Monthly,Overdue,UPI
POL-1187,Aditya Nair,1986-05-17,40,Male,"641, Juhu Road, Chandigarh",+91-7626285594,aditya.nair66@example.com,Aadhaar: 4825-4271-7124,Individual,1,"POL-1187-M01 (Self, Age: 40, DOB: 1986-05-17)",None,Pneumonia (2023),None,None,Smoker (Occasional),HLT-2026-994188,Super Top-Up Plan,300000,2023-08-19,2024-08-18,"In-patient hospitalization, Daycare procedures, AYUSH, Pre/Post Hospitalization","Cosmetic surgery, Pre-existing conditions (first 3 yrs)","30 days initial, 36 months for pre-existing",10000,0%,"Cataract: Max 50,000 per eye; Knee Replacement: Max 200,000",8505.0,Quarterly,Paid,Net Banking
POL-1188,Suresh Chowdhury,1984-10-09,41,Male,"224, Koramangala, Hyderabad",+91-7875320136,suresh.chowdhury79@example.com,Passport: Y5339561,Family Floater,4,"POL-1188-M01 (Self, Age: 41, DOB: 1984-10-09) | POL-1188-M02 (Son, Age: 3, DOB: 2023-08-04) | POL-1188-M03 (Spouse, Age: 60, DOB: 1966-03-23) | POL-1188-M04 (Mother, Age: 61, DOB: 1965-04-28)",None,None,Gallbladder Removal (2021),None,Smoker (Occasional),HLT-2026-145594,Super Top-Up Plan,1000000,2023-12-15,2024-12-14,"In-patient hospitalization, Daycare procedures, AYUSH, Pre/Post Hospitalization","Dental care (unless accident), Maternity (first 2 yrs)","30 days initial, 36 months for pre-existing",0,10%,No Sub-limits applied,50760.0,Annual,Paid,Auto-Debit
POL-1189,Ishita Joshi,1964-09-05,61,Female,"29, Indiranagar, Pune",+91-7992861641,ishita.joshi58@example.com,Passport: W2671072,Family Floater,3,"POL-1189-M01 (Self, Age: 61, DOB: 1964-09-05) | POL-1189-M02 (Mother, Age: 69, DOB: 1956-12-03) | POL-1189-M03 (Spouse, Age: 42, DOB: 1984-02-03)",Thyroid Disorder,Dengue (2022),C-Section (2020),Atorvastatin 10mg daily,Smoker (Daily),HLT-2026-847078,Senior Citizen Health,300000,2023-03-23,2024-03-22,"In-patient hospitalization, Daycare procedures, AYUSH, Pre/Post Hospitalization","Dental care (unless accident), Maternity (first 2 yrs)","30 days initial, 36 months for pre-existing",10000,20%,Room Rent: 1% of Sum Insured / day; ICU: 2% / day,14852.25,Annual,Pending,Net Banking
POL-1190,Sneha Nair,1999-12-21,26,Male,"292, MG Road, Chennai",+91-8662885003,sneha.nair13@example.com,Passport: I4784649,Individual,1,"POL-1190-M01 (Self, Age: 26, DOB: 1999-12-21)",Thyroid Disorder,Malaria (2019),Cataract Surgery (2022),Amlodipine 5mg daily,Sedentary lifestyle,HLT-2026-192059,Comprehensive Family Care,5000000,2025-02-21,2026-02-21,"In-patient hospitalization, Daycare procedures, AYUSH, Pre/Post Hospitalization","Dental care (unless accident), Maternity (first 2 yrs)","30 days initial, 36 months for pre-existing",0,20%,Room Rent: 1% of Sum Insured / day; ICU: 2% / day,127575.0,Monthly,Pending,Net Banking
POL-1191,Suresh Agarwal,1973-07-20,53,Male,"678, Station Road, Chandigarh",+91-9325096977,suresh.agarwal97@example.com,Aadhaar: 3262-6062-9582,Individual,1,"POL-1191-M01 (Self, Age: 53, DOB: 1973-07-20)",None,Covid-19 Pneumonia (2021),None,None,Sedentary lifestyle,HLT-2026-907455,Super Top-Up Plan,500000,2023-11-20,2024-11-19,"In-patient hospitalization, Daycare procedures, AYUSH, Pre/Post Hospitalization","Self-inflicted injuries, Hazardous sports, Weight loss treatments","30 days initial, 36 months for pre-existing",0,0%,"Cataract: Max 50,000 per eye; Knee Replacement: Max 200,000",15491.25,Annual,Overdue,UPI
POL-1192,Aditya Shah,1991-11-23,34,Female,"320, Juhu Road, Chennai",+91-7652650570,aditya.shah34@example.com,Aadhaar: 3155-4026-1429,Family Floater,4,"POL-1192-M01 (Self, Age: 34, DOB: 1991-11-23) | POL-1192-M02 (Mother, Age: 67, DOB: 1958-09-26) | POL-1192-M03 (Son, Age: 5, DOB: 2021-05-17) | POL-1192-M04 (Spouse, Age: 69, DOB: 1957-08-03)",None,Dengue (2022),C-Section (2020),None,Sedentary lifestyle,HLT-2026-476712,Critical Illness Cover,300000,2025-09-03,2026-09-03,"In-patient hospitalization, Daycare procedures, AYUSH, Pre/Post Hospitalization","Self-inflicted injuries, Hazardous sports, Weight loss treatments","30 days initial, 36 months for pre-existing",25000,10%,Room Rent: 1% of Sum Insured / day; ICU: 2% / day,14472.0,Monthly,Pending,Auto-Debit
POL-1193,Vikram Kumar,1975-04-20,51,Male,"43, Banjara Hills, Mumbai",+91-8159034297,vikram.kumar62@example.com,Aadhaar: 4323-4351-2083,Individual,1,"POL-1193-M01 (Self, Age: 51, DOB: 1975-04-20)",None,Pneumonia (2023),Gallbladder Removal (2021),None,Alcohol (Social),HLT-2026-560623,Comprehensive Family Care,2500000,2025-09-30,2026-09-30,"In-patient hospitalization, Daycare procedures, AYUSH, Pre/Post Hospitalization","Dental care (unless accident), Maternity (first 2 yrs)","30 days initial, 36 months for pre-existing",10000,0%,No Sub-limits applied,76443.75,Quarterly,Pending,Net Banking
POL-1194,Rajesh Bhat,2001-09-16,24,Male,"121, Juhu Road, Ahmedabad",+91-7182174975,rajesh.bhat41@example.com,Passport: R7637254,Individual,1,"POL-1194-M01 (Self, Age: 24, DOB: 2001-09-16)",None,Dengue (2022),Gallbladder Removal (2021),None,Alcohol (Social),HLT-2026-641198,Critical Illness Cover,5000000,2023-04-11,2024-04-10,"In-patient hospitalization, Daycare procedures, AYUSH, Pre/Post Hospitalization","Dental care (unless accident), Maternity (first 2 yrs)","30 days initial, 36 months for pre-existing",10000,10%,Room Rent: 1% of Sum Insured / day; ICU: 2% / day,125550.0,Monthly,Pending,UPI
POL-1195,Manoj Banerjee,1996-08-03,30,Male,"859, Juhu Road, Delhi",+91-9150308852,manoj.banerjee24@example.com,Aadhaar: 9952-3216-7440,Family Floater,3,"POL-1195-M01 (Self, Age: 30, DOB: 1996-08-03) | POL-1195-M02 (Father, Age: 81, DOB: 1945-07-24) | POL-1195-M03 (Son, Age: 8, DOB: 2018-03-05)",None,None,Gallbladder Removal (2021),None,Smoker (Daily),HLT-2026-847251,Comprehensive Family Care,500000,2025-07-20,2026-07-20,"In-patient hospitalization, Daycare procedures, AYUSH, Pre/Post Hospitalization","Self-inflicted injuries, Hazardous sports, Weight loss treatments","30 days initial, 36 months for pre-existing",25000,0%,Room Rent: 1% of Sum Insured / day; ICU: 2% / day,19987.5,Annual,Overdue,Auto-Debit
POL-1196,Karan Mehta,2001-12-29,24,Male,"734, Banjara Hills, Jaipur",+91-9628831500,karan.mehta30@example.com,PAN: OBEIW3459F,Individual,1,"POL-1196-M01 (Self, Age: 24, DOB: 2001-12-29)",High Cholesterol,Pneumonia (2023),ACL Reconstruction (2019),Metformin 500mg daily,Smoker (Daily),HLT-2026-539963,Comprehensive Family Care,1000000,2024-09-25,2025-09-25,"In-patient hospitalization, Daycare procedures, AYUSH, Pre/Post Hospitalization","Cosmetic surgery, Pre-existing conditions (first 3 yrs)","30 days initial, 36 months for pre-existing",0,0%,Room Rent: 1% of Sum Insured / day; ICU: 2% / day,25110.0,Quarterly,Pending,UPI
POL-1197,Suresh Chowdhury,1955-07-08,71,Female,"632, Juhu Road, Hyderabad",+91-7931466076,suresh.chowdhury85@example.com,Passport: P8612468,Family Floater,3,"POL-1197-M01 (Self, Age: 71, DOB: 1955-07-08) | POL-1197-M02 (Spouse, Age: 27, DOB: 1998-09-28) | POL-1197-M03 (Son, Age: 13, DOB: 2013-06-27)",None,None,Appendectomy (2018),None,Smoker (Occasional),HLT-2026-391622,Standard Health Guard,2500000,2024-03-01,2025-03-01,"In-patient hospitalization, Daycare procedures, AYUSH, Pre/Post Hospitalization","Self-inflicted injuries, Hazardous sports, Weight loss treatments","30 days initial, 36 months for pre-existing",10000,0%,Room Rent: 1% of Sum Insured / day; ICU: 2% / day,131456.25,Annual,Overdue,Net Banking
POL-1198,Amit Patel,1964-10-08,61,Male,"436, Station Road, Bengaluru",+91-9886606705,amit.patel46@example.com,Passport: V3976601,Family Floater,4,"POL-1198-M01 (Self, Age: 61, DOB: 1964-10-08) | POL-1198-M02 (Mother, Age: 73, DOB: 1953-01-29) | POL-1198-M03 (Spouse, Age: 43, DOB: 1983-01-17) | POL-1198-M04 (Daughter, Age: 11, DOB: 2015-03-29)",None,Malaria (2019),None,None,Smoker (Daily),HLT-2026-497346,Critical Illness Cover,300000,2025-05-25,2026-05-25,"In-patient hospitalization, Daycare procedures, AYUSH, Pre/Post Hospitalization","Cosmetic surgery, Pre-existing conditions (first 3 yrs)","30 days initial, 36 months for pre-existing",0,20%,"Cataract: Max 50,000 per eye; Knee Replacement: Max 200,000",17388.0,Monthly,Overdue,Auto-Debit
POL-1199,Arjun Singh,1960-03-21,66,Male,"121, Civil Lines, Jaipur",+91-7376538681,arjun.singh71@example.com,Passport: W5818203,Family Floater,4,"POL-1199-M01 (Self, Age: 66, DOB: 1960-03-21) | POL-1199-M02 (Daughter, Age: 12, DOB: 2013-10-28) | POL-1199-M03 (Father, Age: 60, DOB: 1965-10-17) | POL-1199-M04 (Spouse, Age: 32, DOB: 1993-11-21)",None,Typhoid (2020),Appendectomy (2018),None,Sedentary lifestyle,HLT-2026-644951,Comprehensive Family Care,5000000,2025-10-16,2026-10-16,"In-patient hospitalization, Daycare procedures, AYUSH, Pre/Post Hospitalization","Self-inflicted injuries, Hazardous sports, Weight loss treatments","30 days initial, 36 months for pre-existing",10000,0%,Room Rent: 1% of Sum Insured / day; ICU: 2% / day,298800.0,Annual,Paid,Auto-Debit
POL-1200,Karan Gupta,1992-03-13,34,Male,"433, MG Road, Kolkata",+91-8501735492,karan.gupta81@example.com,Passport: G1189536,Individual,1,"POL-1200-M01 (Self, Age: 34, DOB: 1992-03-13)",None,Covid-19 Pneumonia (2021),C-Section (2020),None,Sedentary lifestyle,HLT-2026-366776,Senior Citizen Health,300000,2024-09-22,2025-09-22,"In-patient hospitalization, Daycare procedures, AYUSH, Pre/Post Hospitalization","Cosmetic surgery, Pre-existing conditions (first 3 yrs)","30 days initial, 36 months for pre-existing",0,20%,"Cataract: Max 50,000 per eye; Knee Replacement: Max 200,000",8140.5,Monthly,Pending,UPI
